date,game_pk,away_score,away_team,home_team,home_score,win_team,lose_team,win_score,lose_score
2026-03-25,823244,7,New York Yankees,San Francisco Giants,0,New York Yankees,San Francisco Giants,7,0
2026-03-26,823649,7,Pittsburgh Pirates,New York Mets,11,New York Mets,Pittsburgh Pirates,11,7
2026-03-26,823812,2,Chicago White Sox,Milwaukee Brewers,14,Milwaukee Brewers,Chicago White Sox,14,2
2026-03-26,824704,10,Washington Nationals,Chicago Cubs,4,Washington Nationals,Chicago Cubs,10,4
2026-03-26,824865,1,Minnesota Twins,Baltimore Orioles,2,Baltimore Orioles,Minnesota Twins,2,1
2026-03-26,824541,3,Boston Red Sox,Cincinnati Reds,0,Boston Red Sox,Cincinnati Reds,3,0
2026-03-26,824218,3,Los Angeles Angels,Houston Astros,0,Los Angeles Angels,Houston Astros,3,0
2026-03-26,823325,8,Detroit Tigers,San Diego Padres,2,Detroit Tigers,San Diego Padres,8,2
2026-03-26,823081,7,Tampa Bay Rays,St. Louis Cardinals,9,St. Louis Cardinals,Tampa Bay Rays,9,7
2026-03-26,823486,3,Texas Rangers,Philadelphia Phillies,5,Philadelphia Phillies,Texas Rangers,5,3
2026-03-26,823974,2,Arizona Diamondbacks,Los Angeles Dodgers,8,Los Angeles Dodgers,Arizona Diamondbacks,8,2
2026-03-26,823163,6,Cleveland Guardians,Seattle Mariners,4,Cleveland Guardians,Seattle Mariners,6,4
2026-03-27,823243,3,New York Yankees,San Francisco Giants,0,New York Yankees,San Francisco Giants,3,0
2026-03-27,822839,2,Athletics,Toronto Blue Jays,3,Toronto Blue Jays,Athletics,3,2
2026-03-27,823893,1,Colorado Rockies,Miami Marlins,2,Miami Marlins,Colorado Rockies,2,1
2026-03-27,824946,0,Kansas City Royals,Atlanta Braves,6,Atlanta Braves,Kansas City Royals,6,0
2026-03-27,824216,6,Los Angeles Angels,Houston Astros,2,Los Angeles Angels,Houston Astros,6,2
2026-03-27,823324,5,Detroit Tigers,San Diego Padres,2,Detroit Tigers,San Diego Padres,5,2
2026-03-27,823162,1,Cleveland Guardians,Seattle Mariners,5,Seattle Mariners,Cleveland Guardians,5,1
2026-03-27,823971,4,Arizona Diamondbacks,Los Angeles Dodgers,5,Los Angeles Dodgers,Arizona Diamondbacks,5,4
2026-03-28,823082,5,Tampa Bay Rays,St. Louis Cardinals,6,St. Louis Cardinals,Tampa Bay Rays,6,5
2026-03-28,824701,2,Washington Nationals,Chicago Cubs,10,Chicago Cubs,Washington Nationals,10,2
2026-03-28,822838,7,Athletics,Toronto Blue Jays,8,Toronto Blue Jays,Athletics,8,7
2026-03-28,824862,4,Minnesota Twins,Baltimore Orioles,1,Minnesota Twins,Baltimore Orioles,4,1
2026-03-28,823488,5,Texas Rangers,Philadelphia Phillies,4,Texas Rangers,Philadelphia Phillies,5,4
2026-03-28,824540,5,Boston Red Sox,Cincinnati Reds,6,Cincinnati Reds,Boston Red Sox,6,5
2026-03-28,823651,2,Pittsburgh Pirates,New York Mets,4,New York Mets,Pittsburgh Pirates,4,2
2026-03-28,823892,3,Colorado Rockies,Miami Marlins,4,Miami Marlins,Colorado Rockies,4,3
2026-03-28,824213,9,Los Angeles Angels,Houston Astros,11,Houston Astros,Los Angeles Angels,11,9
2026-03-28,823811,1,Chicago White Sox,Milwaukee Brewers,6,Milwaukee Brewers,Chicago White Sox,6,1
2026-03-28,824945,2,Kansas City Royals,Atlanta Braves,6,Atlanta Braves,Kansas City Royals,6,2
2026-03-28,823241,3,New York Yankees,San Francisco Giants,1,New York Yankees,San Francisco Giants,3,1
2026-03-28,823323,0,Detroit Tigers,San Diego Padres,3,San Diego Padres,Detroit Tigers,3,0
2026-03-28,823973,2,Arizona Diamondbacks,Los Angeles Dodgers,3,Los Angeles Dodgers,Arizona Diamondbacks,3,2
2026-03-28,823161,6,Cleveland Guardians,Seattle Mariners,5,Cleveland Guardians,Seattle Mariners,6,5
2026-03-29,824864,6,Minnesota Twins,Baltimore Orioles,8,Baltimore Orioles,Minnesota Twins,8,6
2026-03-29,823487,8,Texas Rangers,Philadelphia Phillies,3,Texas Rangers,Philadelphia Phillies,8,3
2026-03-29,824944,4,Kansas City Royals,Atlanta Braves,1,Kansas City Royals,Atlanta Braves,4,1
2026-03-29,822837,2,Athletics,Toronto Blue Jays,5,Toronto Blue Jays,Athletics,5,2
2026-03-29,824538,2,Boston Red Sox,Cincinnati Reds,3,Cincinnati Reds,Boston Red Sox,3,2
2026-03-29,823647,4,Pittsburgh Pirates,New York Mets,3,Pittsburgh Pirates,New York Mets,4,3
2026-03-29,823891,3,Colorado Rockies,Miami Marlins,4,Miami Marlins,Colorado Rockies,4,3
2026-03-29,824215,7,Los Angeles Angels,Houston Astros,9,Houston Astros,Los Angeles Angels,9,7
2026-03-29,823810,7,Chicago White Sox,Milwaukee Brewers,9,Milwaukee Brewers,Chicago White Sox,9,7
2026-03-29,823079,11,Tampa Bay Rays,St. Louis Cardinals,7,Tampa Bay Rays,St. Louis Cardinals,11,7
2026-03-29,824700,6,Washington Nationals,Chicago Cubs,3,Washington Nationals,Chicago Cubs,6,3
2026-03-29,823160,0,Cleveland Guardians,Seattle Mariners,8,Seattle Mariners,Cleveland Guardians,8,0
2026-03-30,824135,1,Minnesota Twins,Kansas City Royals,3,Kansas City Royals,Minnesota Twins,3,1
2026-03-30,824863,5,Texas Rangers,Baltimore Orioles,2,Texas Rangers,Baltimore Orioles,5,2
2026-03-30,824539,0,Pittsburgh Pirates,Cincinnati Reds,2,Cincinnati Reds,Pittsburgh Pirates,2,0
2026-03-30,823484,13,Washington Nationals,Philadelphia Phillies,2,Washington Nationals,Philadelphia Phillies,13,2
2026-03-30,823890,9,Chicago White Sox,Miami Marlins,4,Chicago White Sox,Miami Marlins,9,4
2026-03-30,822834,14,Colorado Rockies,Toronto Blue Jays,5,Colorado Rockies,Toronto Blue Jays,14,5
2026-03-30,824943,0,Athletics,Atlanta Braves,4,Atlanta Braves,Athletics,4,0
2026-03-30,824702,2,Los Angeles Angels,Chicago Cubs,7,Chicago Cubs,Los Angeles Angels,7,2
2026-03-30,823809,3,Tampa Bay Rays,Milwaukee Brewers,2,Tampa Bay Rays,Milwaukee Brewers,3,2
2026-03-30,823080,4,New York Mets,St. Louis Cardinals,2,New York Mets,St. Louis Cardinals,4,2
2026-03-30,824214,1,Boston Red Sox,Houston Astros,8,Houston Astros,Boston Red Sox,8,1
2026-03-30,823320,3,San Francisco Giants,San Diego Padres,2,San Francisco Giants,San Diego Padres,3,2
2026-03-30,823159,1,New York Yankees,Seattle Mariners,2,Seattle Mariners,New York Yankees,2,1
2026-03-30,825108,6,Detroit Tigers,Arizona Diamondbacks,9,Arizona Diamondbacks,Detroit Tigers,9,6
2026-03-30,823972,4,Cleveland Guardians,Los Angeles Dodgers,2,Cleveland Guardians,Los Angeles Dodgers,4,2
2026-03-31,824861,8,Texas Rangers,Baltimore Orioles,5,Texas Rangers,Baltimore Orioles,8,5
2026-03-31,824537,8,Pittsburgh Pirates,Cincinnati Reds,3,Pittsburgh Pirates,Cincinnati Reds,8,3
2026-03-31,823485,2,Washington Nationals,Philadelphia Phillies,3,Philadelphia Phillies,Washington Nationals,3,2
2026-03-31,823888,2,Chicago White Sox,Miami Marlins,9,Miami Marlins,Chicago White Sox,9,2
2026-03-31,822836,1,Colorado Rockies,Toronto Blue Jays,5,Toronto Blue Jays,Colorado Rockies,5,1
2026-03-31,824942,5,Athletics,Atlanta Braves,2,Athletics,Atlanta Braves,5,2
2026-03-31,824699,2,Los Angeles Angels,Chicago Cubs,0,Los Angeles Angels,Chicago Cubs,2,0
2026-03-31,823807,2,Tampa Bay Rays,Milwaukee Brewers,6,Milwaukee Brewers,Tampa Bay Rays,6,2
2026-03-31,823077,0,New York Mets,St. Louis Cardinals,3,St. Louis Cardinals,New York Mets,3,0
2026-03-31,824212,2,Boston Red Sox,Houston Astros,9,Houston Astros,Boston Red Sox,9,2
2026-03-31,825107,5,Detroit Tigers,Arizona Diamondbacks,7,Arizona Diamondbacks,Detroit Tigers,7,5
2026-03-31,823322,9,San Francisco Giants,San Diego Padres,3,San Francisco Giants,San Diego Padres,9,3
2026-03-31,823158,5,New York Yankees,Seattle Mariners,0,New York Yankees,Seattle Mariners,5,0
2026-03-31,823969,1,Cleveland Guardians,Los Angeles Dodgers,4,Los Angeles Dodgers,Cleveland Guardians,4,1
2026-04-01,824940,1,Athletics,Atlanta Braves,5,Atlanta Braves,Athletics,5,1
2026-04-01,824860,3,Texas Rangers,Baltimore Orioles,8,Baltimore Orioles,Texas Rangers,8,3
2026-04-01,824536,8,Pittsburgh Pirates,Cincinnati Reds,3,Pittsburgh Pirates,Cincinnati Reds,8,3
2026-04-01,823483,5,Washington Nationals,Philadelphia Phillies,6,Philadelphia Phillies,Washington Nationals,6,5
2026-04-01,822835,2,Colorado Rockies,Toronto Blue Jays,1,Colorado Rockies,Toronto Blue Jays,2,1
2026-04-01,823889,0,Chicago White Sox,Miami Marlins,10,Miami Marlins,Chicago White Sox,10,0
2026-04-01,823078,1,New York Mets,St. Louis Cardinals,2,St. Louis Cardinals,New York Mets,2,1
2026-04-01,823806,2,Tampa Bay Rays,Milwaukee Brewers,8,Milwaukee Brewers,Tampa Bay Rays,8,2
2026-04-01,824211,4,Boston Red Sox,Houston Astros,6,Houston Astros,Boston Red Sox,6,4
2026-04-01,824698,2,Los Angeles Angels,Chicago Cubs,6,Chicago Cubs,Los Angeles Angels,6,2
2026-04-01,825106,0,Detroit Tigers,Arizona Diamondbacks,1,Arizona Diamondbacks,Detroit Tigers,1,0
2026-04-01,823321,1,San Francisco Giants,San Diego Padres,7,San Diego Padres,San Francisco Giants,7,1
2026-04-01,823157,5,New York Yankees,Seattle Mariners,3,New York Yankees,Seattle Mariners,5,3
2026-04-01,824136,9,Minnesota Twins,Kansas City Royals,13,Kansas City Royals,Minnesota Twins,13,9
2026-04-01,823970,4,Cleveland Guardians,Los Angeles Dodgers,1,Cleveland Guardians,Los Angeles Dodgers,4,1
2026-04-02,824133,5,Minnesota Twins,Kansas City Royals,1,Minnesota Twins,Kansas City Royals,5,1
2026-04-02,825105,17,Atlanta Braves,Arizona Diamondbacks,2,Atlanta Braves,Arizona Diamondbacks,17,2
2026-04-02,823242,2,New York Mets,San Francisco Giants,7,San Francisco Giants,New York Mets,7,2
2026-04-03,822758,13,Los Angeles Dodgers,Washington Nationals,6,Los Angeles Dodgers,Washington Nationals,13,6
2026-04-03,824299,0,St. Louis Cardinals,Detroit Tigers,4,Detroit Tigers,St. Louis Cardinals,4,0
2026-04-03,823568,2,Miami Marlins,New York Yankees,8,New York Yankees,Miami Marlins,8,2
2026-04-03,824786,2,San Diego Padres,Boston Red Sox,5,Boston Red Sox,San Diego Padres,5,2
2026-04-03,824621,4,Toronto Blue Jays,Chicago White Sox,5,Chicago White Sox,Toronto Blue Jays,5,4
2026-04-03,822919,5,Cincinnati Reds,Texas Rangers,3,Cincinnati Reds,Texas Rangers,5,3
2026-04-03,824458,1,Chicago Cubs,Cleveland Guardians,4,Cleveland Guardians,Chicago Cubs,4,1
2026-04-03,823732,4,Tampa Bay Rays,Minnesota Twins,10,Minnesota Twins,Tampa Bay Rays,10,4
2026-04-03,824377,10,Philadelphia Phillies,Colorado Rockies,1,Philadelphia Phillies,Colorado Rockies,10,1
2026-04-03,823406,4,Baltimore Orioles,Pittsburgh Pirates,5,Pittsburgh Pirates,Baltimore Orioles,5,4
2026-04-03,824056,3,Seattle Mariners,Los Angeles Angels,1,Seattle Mariners,Los Angeles Angels,3,1
2026-04-03,825026,4,Houston Astros,Athletics,11,Athletics,Houston Astros,11,4
2026-04-03,825103,2,Atlanta Braves,Arizona Diamondbacks,0,Atlanta Braves,Arizona Diamondbacks,2,0
2026-04-03,823240,10,New York Mets,San Francisco Giants,3,New York Mets,San Francisco Giants,10,3
2026-04-04,824622,3,Toronto Blue Jays,Chicago White Sox,6,Chicago White Sox,Toronto Blue Jays,6,3
2026-04-04,824132,5,Milwaukee Brewers,Kansas City Royals,2,Milwaukee Brewers,Kansas City Royals,5,2
2026-04-04,824134,2,Milwaukee Brewers,Kansas City Royals,8,Kansas City Royals,Milwaukee Brewers,8,2
2026-04-04,822757,10,Los Angeles Dodgers,Washington Nationals,5,Los Angeles Dodgers,Washington Nationals,10,5
2026-04-04,825027,11,Houston Astros,Athletics,0,Houston Astros,Athletics,11,0
2026-04-04,823404,2,Baltimore Orioles,Pittsburgh Pirates,3,Pittsburgh Pirates,Baltimore Orioles,3,2
2026-04-04,824782,3,San Diego Padres,Boston Red Sox,2,San Diego Padres,Boston Red Sox,3,2
2026-04-04,822920,2,Cincinnati Reds,Texas Rangers,0,Cincinnati Reds,Texas Rangers,2,0
2026-04-04,823569,7,Miami Marlins,New York Yankees,9,New York Yankees,Miami Marlins,9,7
2026-04-04,823730,7,Tampa Bay Rays,Minnesota Twins,1,Tampa Bay Rays,Minnesota Twins,7,1
2026-04-04,825104,1,Atlanta Braves,Arizona Diamondbacks,2,Arizona Diamondbacks,Atlanta Braves,2,1
2026-04-04,824378,2,Philadelphia Phillies,Colorado Rockies,1,Philadelphia Phillies,Colorado Rockies,2,1
2026-04-04,823239,9,New York Mets,San Francisco Giants,0,New York Mets,San Francisco Giants,9,0
2026-04-04,824054,0,Seattle Mariners,Los Angeles Angels,1,Los Angeles Angels,Seattle Mariners,1,0
2026-04-05,824459,1,Chicago Cubs,Cleveland Guardians,0,Chicago Cubs,Cleveland Guardians,1,0
2026-04-05,824460,5,Chicago Cubs,Cleveland Guardians,6,Cleveland Guardians,Chicago Cubs,6,5
2026-04-05,822756,8,Los Angeles Dodgers,Washington Nationals,6,Los Angeles Dodgers,Washington Nationals,8,6
2026-04-05,823405,2,Baltimore Orioles,Pittsburgh Pirates,8,Pittsburgh Pirates,Baltimore Orioles,8,2
2026-04-05,824781,8,San Diego Padres,Boston Red Sox,6,San Diego Padres,Boston Red Sox,8,6
2026-04-05,823566,7,Miami Marlins,New York Yankees,6,Miami Marlins,New York Yankees,7,6
2026-04-05,823729,4,Tampa Bay Rays,Minnesota Twins,1,Tampa Bay Rays,Minnesota Twins,4,1
2026-04-05,824620,0,Toronto Blue Jays,Chicago White Sox,3,Chicago White Sox,Toronto Blue Jays,3,0
2026-04-05,824131,8,Milwaukee Brewers,Kansas City Royals,5,Milwaukee Brewers,Kansas City Royals,8,5
2026-04-05,822917,2,Cincinnati Reds,Texas Rangers,1,Cincinnati Reds,Texas Rangers,2,1
2026-04-05,824379,1,Philadelphia Phillies,Colorado Rockies,4,Colorado Rockies,Philadelphia Phillies,4,1
2026-04-05,825025,10,Houston Astros,Athletics,12,Athletics,Houston Astros,12,10
2026-04-05,823238,5,New York Mets,San Francisco Giants,2,New York Mets,San Francisco Giants,5,2
2026-04-05,824053,7,Seattle Mariners,Los Angeles Angels,8,Los Angeles Angels,Seattle Mariners,8,7
2026-04-05,825102,5,Atlanta Braves,Arizona Diamondbacks,6,Arizona Diamondbacks,Atlanta Braves,6,5
2026-04-05,824296,5,St. Louis Cardinals,Detroit Tigers,3,St. Louis Cardinals,Detroit Tigers,5,3
2026-04-06,823002,4,Chicago Cubs,Tampa Bay Rays,6,Tampa Bay Rays,Chicago Cubs,6,4
2026-04-06,824456,4,Kansas City Royals,Cleveland Guardians,2,Kansas City Royals,Cleveland Guardians,4,2
2026-04-06,823401,5,San Diego Padres,Pittsburgh Pirates,0,San Diego Padres,Pittsburgh Pirates,5,0
2026-04-06,823886,2,Cincinnati Reds,Miami Marlins,0,Cincinnati Reds,Miami Marlins,2,0
2026-04-06,822755,6,St. Louis Cardinals,Washington Nationals,9,Washington Nationals,St. Louis Cardinals,9,6
2026-04-06,824783,8,Milwaukee Brewers,Boston Red Sox,6,Milwaukee Brewers,Boston Red Sox,8,6
2026-04-06,822832,14,Los Angeles Dodgers,Toronto Blue Jays,2,Los Angeles Dodgers,Toronto Blue Jays,14,2
2026-04-06,823728,3,Detroit Tigers,Minnesota Twins,7,Minnesota Twins,Detroit Tigers,7,3
2026-04-06,824619,2,Baltimore Orioles,Chicago White Sox,1,Baltimore Orioles,Chicago White Sox,2,1
2026-04-06,822918,1,Seattle Mariners,Texas Rangers,2,Texas Rangers,Seattle Mariners,2,1
2026-04-06,824376,7,Houston Astros,Colorado Rockies,9,Colorado Rockies,Houston Astros,9,7
2026-04-06,824052,2,Atlanta Braves,Los Angeles Angels,6,Los Angeles Angels,Atlanta Braves,6,2
2026-04-06,823237,6,Philadelphia Phillies,San Francisco Giants,4,Philadelphia Phillies,San Francisco Giants,6,4
2026-04-07,824457,1,Kansas City Royals,Cleveland Guardians,2,Cleveland Guardians,Kansas City Royals,2,1
2026-04-07,824618,4,Baltimore Orioles,Chicago White Sox,2,Baltimore Orioles,Chicago White Sox,4,2
2026-04-07,823648,3,Arizona Diamondbacks,New York Mets,4,New York Mets,Arizona Diamondbacks,4,3
2026-04-07,823402,1,San Diego Padres,Pittsburgh Pirates,7,Pittsburgh Pirates,San Diego Padres,7,1
2026-04-07,822999,9,Chicago Cubs,Tampa Bay Rays,2,Chicago Cubs,Tampa Bay Rays,9,2
2026-04-07,823887,6,Cincinnati Reds,Miami Marlins,3,Cincinnati Reds,Miami Marlins,6,3
2026-04-07,822754,7,St. Louis Cardinals,Washington Nationals,6,St. Louis Cardinals,Washington Nationals,7,6
2026-04-07,824780,2,Milwaukee Brewers,Boston Red Sox,3,Boston Red Sox,Milwaukee Brewers,3,2
2026-04-07,823567,3,Athletics,New York Yankees,5,New York Yankees,Athletics,5,3
2026-04-07,822831,4,Los Angeles Dodgers,Toronto Blue Jays,1,Los Angeles Dodgers,Toronto Blue Jays,4,1
2026-04-07,823727,2,Detroit Tigers,Minnesota Twins,4,Minnesota Twins,Detroit Tigers,4,2
2026-04-07,822916,2,Seattle Mariners,Texas Rangers,3,Texas Rangers,Seattle Mariners,3,2
2026-04-07,824375,1,Houston Astros,Colorado Rockies,5,Colorado Rockies,Houston Astros,5,1
2026-04-07,824051,7,Atlanta Braves,Los Angeles Angels,2,Atlanta Braves,Los Angeles Angels,7,2
2026-04-07,823235,0,Philadelphia Phillies,San Francisco Giants,6,San Francisco Giants,Philadelphia Phillies,6,0
2026-04-08,823403,8,San Diego Padres,Pittsburgh Pirates,2,San Diego Padres,Pittsburgh Pirates,8,2
2026-04-08,824455,2,Kansas City Royals,Cleveland Guardians,10,Cleveland Guardians,Kansas City Royals,10,2
2026-04-08,824779,0,Milwaukee Brewers,Boston Red Sox,5,Boston Red Sox,Milwaukee Brewers,5,0
2026-04-08,824617,5,Baltimore Orioles,Chicago White Sox,3,Baltimore Orioles,Chicago White Sox,5,3
2026-04-08,822915,0,Seattle Mariners,Texas Rangers,3,Texas Rangers,Seattle Mariners,3,0
2026-04-08,822833,3,Los Angeles Dodgers,Toronto Blue Jays,4,Toronto Blue Jays,Los Angeles Dodgers,4,3
2026-04-08,824374,1,Houston Astros,Colorado Rockies,9,Colorado Rockies,Houston Astros,9,1
2026-04-08,823234,0,Philadelphia Phillies,San Francisco Giants,5,San Francisco Giants,Philadelphia Phillies,5,0
2026-04-08,822753,6,St. Louis Cardinals,Washington Nationals,1,St. Louis Cardinals,Washington Nationals,6,1
2026-04-08,824050,8,Atlanta Braves,Los Angeles Angels,2,Atlanta Braves,Los Angeles Angels,8,2
2026-04-08,823646,7,Arizona Diamondbacks,New York Mets,2,Arizona Diamondbacks,New York Mets,7,2
2026-04-08,823000,6,Chicago Cubs,Tampa Bay Rays,2,Chicago Cubs,Tampa Bay Rays,6,2
2026-04-08,823885,4,Cincinnati Reds,Miami Marlins,7,Miami Marlins,Cincinnati Reds,7,4
2026-04-08,823564,3,Athletics,New York Yankees,2,Athletics,New York Yankees,3,2
2026-04-08,823726,6,Detroit Tigers,Minnesota Twins,8,Minnesota Twins,Detroit Tigers,8,6
2026-04-09,823884,1,Cincinnati Reds,Miami Marlins,8,Miami Marlins,Cincinnati Reds,8,1
2026-04-09,823565,1,Athletics,New York Yankees,0,Athletics,New York Yankees,1,0
2026-04-09,823724,1,Detroit Tigers,Minnesota Twins,3,Minnesota Twins,Detroit Tigers,3,1
2026-04-09,823645,7,Arizona Diamondbacks,New York Mets,1,Arizona Diamondbacks,New York Mets,7,1
2026-04-09,824130,2,Chicago White Sox,Kansas City Royals,0,Chicago White Sox,Kansas City Royals,2,0
2026-04-09,823319,3,Colorado Rockies,San Diego Padres,7,San Diego Padres,Colorado Rockies,7,3
2026-04-10,824695,2,Pittsburgh Pirates,Chicago Cubs,0,Pittsburgh Pirates,Chicago Cubs,2,0
2026-04-10,823482,5,Arizona Diamondbacks,Philadelphia Phillies,4,Arizona Diamondbacks,Philadelphia Phillies,5,4
2026-04-10,824297,0,Miami Marlins,Detroit Tigers,2,Detroit Tigers,Miami Marlins,2,0
2026-04-10,824534,10,Los Angeles Angels,Cincinnati Reds,2,Los Angeles Angels,Cincinnati Reds,10,2
2026-04-10,822829,4,Minnesota Twins,Toronto Blue Jays,10,Toronto Blue Jays,Minnesota Twins,10,4
2026-04-10,823643,4,Athletics,New York Mets,0,Athletics,New York Mets,4,0
2026-04-10,822997,3,New York Yankees,Tampa Bay Rays,5,Tampa Bay Rays,New York Yankees,5,3
2026-04-10,824858,6,San Francisco Giants,Baltimore Orioles,3,San Francisco Giants,Baltimore Orioles,6,3
2026-04-10,824941,5,Cleveland Guardians,Atlanta Braves,11,Atlanta Braves,Cleveland Guardians,11,5
2026-04-10,824128,0,Chicago White Sox,Kansas City Royals,2,Kansas City Royals,Chicago White Sox,2,0
2026-04-10,823808,7,Washington Nationals,Milwaukee Brewers,3,Washington Nationals,Milwaukee Brewers,7,3
2026-04-10,823076,2,Boston Red Sox,St. Louis Cardinals,3,St. Louis Cardinals,Boston Red Sox,3,2
2026-04-10,823318,2,Colorado Rockies,San Diego Padres,5,San Diego Padres,Colorado Rockies,5,2
2026-04-10,823156,6,Houston Astros,Seattle Mariners,9,Seattle Mariners,Houston Astros,9,6
2026-04-10,823968,7,Texas Rangers,Los Angeles Dodgers,8,Los Angeles Dodgers,Texas Rangers,8,7
2026-04-11,823480,3,Arizona Diamondbacks,Philadelphia Phillies,4,Philadelphia Phillies,Arizona Diamondbacks,4,3
2026-04-11,824294,1,Miami Marlins,Detroit Tigers,6,Detroit Tigers,Miami Marlins,6,1
2026-04-11,824697,4,Pittsburgh Pirates,Chicago Cubs,3,Pittsburgh Pirates,Chicago Cubs,4,3
2026-04-11,822830,7,Minnesota Twins,Toronto Blue Jays,4,Minnesota Twins,Toronto Blue Jays,7,4
2026-04-11,824535,3,Los Angeles Angels,Cincinnati Reds,7,Cincinnati Reds,Los Angeles Angels,7,3
2026-04-11,823644,11,Athletics,New York Mets,6,Athletics,New York Mets,11,6
2026-04-11,824129,0,Chicago White Sox,Kansas City Royals,2,Kansas City Royals,Chicago White Sox,2,0
2026-04-11,822996,4,New York Yankees,Tampa Bay Rays,5,Tampa Bay Rays,New York Yankees,5,4
2026-04-11,823805,3,Washington Nationals,Milwaukee Brewers,1,Washington Nationals,Milwaukee Brewers,3,1
2026-04-11,824857,2,San Francisco Giants,Baltimore Orioles,6,Baltimore Orioles,San Francisco Giants,6,2
2026-04-11,823074,7,Boston Red Sox,St. Louis Cardinals,1,Boston Red Sox,St. Louis Cardinals,7,1
2026-04-11,824939,6,Cleveland Guardians,Atlanta Braves,0,Cleveland Guardians,Atlanta Braves,6,0
2026-04-11,823316,5,Colorado Rockies,San Diego Padres,9,San Diego Padres,Colorado Rockies,9,5
2026-04-11,823967,3,Texas Rangers,Los Angeles Dodgers,6,Los Angeles Dodgers,Texas Rangers,6,3
2026-04-11,823155,7,Houston Astros,Seattle Mariners,8,Seattle Mariners,Houston Astros,8,7
2026-04-12,824859,2,San Francisco Giants,Baltimore Orioles,6,Baltimore Orioles,San Francisco Giants,6,2
2026-04-12,823479,4,Arizona Diamondbacks,Philadelphia Phillies,3,Arizona Diamondbacks,Philadelphia Phillies,4,3
2026-04-12,822828,8,Minnesota Twins,Toronto Blue Jays,2,Minnesota Twins,Toronto Blue Jays,8,2
2026-04-12,824533,9,Los Angeles Angels,Cincinnati Reds,6,Los Angeles Angels,Cincinnati Reds,9,6
2026-04-12,823642,1,Athletics,New York Mets,0,Athletics,New York Mets,1,0
2026-04-12,824293,2,Miami Marlins,Detroit Tigers,8,Detroit Tigers,Miami Marlins,8,2
2026-04-12,822998,4,New York Yankees,Tampa Bay Rays,5,Tampa Bay Rays,New York Yankees,5,4
2026-04-12,824126,6,Chicago White Sox,Kansas City Royals,5,Chicago White Sox,Kansas City Royals,6,5
2026-04-12,823804,8,Washington Nationals,Milwaukee Brewers,6,Washington Nationals,Milwaukee Brewers,8,6
2026-04-12,823075,9,Boston Red Sox,St. Louis Cardinals,3,Boston Red Sox,St. Louis Cardinals,9,3
2026-04-12,824696,6,Pittsburgh Pirates,Chicago Cubs,7,Chicago Cubs,Pittsburgh Pirates,7,6
2026-04-12,823317,2,Colorado Rockies,San Diego Padres,7,San Diego Padres,Colorado Rockies,7,2
2026-04-12,823154,1,Houston Astros,Seattle Mariners,6,Seattle Mariners,Houston Astros,6,1
2026-04-12,823966,5,Texas Rangers,Los Angeles Dodgers,2,Texas Rangers,Los Angeles Dodgers,5,2
2026-04-12,824938,1,Cleveland Guardians,Atlanta Braves,13,Atlanta Braves,Cleveland Guardians,13,1
2026-04-13,823153,2,Houston Astros,Seattle Mariners,6,Seattle Mariners,Houston Astros,6,2
2026-04-13,824856,7,Arizona Diamondbacks,Baltimore Orioles,9,Baltimore Orioles,Arizona Diamondbacks,9,7
2026-04-13,823400,5,Washington Nationals,Pittsburgh Pirates,16,Pittsburgh Pirates,Washington Nationals,16,5
2026-04-13,823481,7,Chicago Cubs,Philadelphia Phillies,13,Philadelphia Phillies,Chicago Cubs,13,7
2026-04-13,823563,10,Los Angeles Angels,New York Yankees,11,New York Yankees,Los Angeles Angels,11,10
2026-04-13,824937,10,Miami Marlins,Atlanta Braves,4,Miami Marlins,Atlanta Braves,10,4
2026-04-13,823725,6,Boston Red Sox,Minnesota Twins,13,Minnesota Twins,Boston Red Sox,13,6
2026-04-13,823073,9,Cleveland Guardians,St. Louis Cardinals,3,Cleveland Guardians,St. Louis Cardinals,9,3
2026-04-13,825024,8,Texas Rangers,Athletics,1,Texas Rangers,Athletics,8,1
2026-04-13,823964,0,New York Mets,Los Angeles Dodgers,4,Los Angeles Dodgers,New York Mets,4,0
2026-04-14,824853,4,Arizona Diamondbacks,Baltimore Orioles,3,Arizona Diamondbacks,Baltimore Orioles,4,3
2026-04-14,824292,1,Kansas City Royals,Detroit Tigers,2,Detroit Tigers,Kansas City Royals,2,1
2026-04-14,823398,5,Washington Nationals,Pittsburgh Pirates,4,Washington Nationals,Pittsburgh Pirates,5,4
2026-04-14,824531,1,San Francisco Giants,Cincinnati Reds,2,Cincinnati Reds,San Francisco Giants,2,1
2026-04-14,823478,10,Chicago Cubs,Philadelphia Phillies,4,Chicago Cubs,Philadelphia Phillies,10,4
2026-04-14,823562,7,Los Angeles Angels,New York Yankees,1,Los Angeles Angels,New York Yankees,7,1
2026-04-14,824935,5,Miami Marlins,Atlanta Braves,6,Atlanta Braves,Miami Marlins,6,5
2026-04-14,823723,0,Boston Red Sox,Minnesota Twins,6,Minnesota Twins,Boston Red Sox,6,0
2026-04-14,824616,8,Tampa Bay Rays,Chicago White Sox,5,Tampa Bay Rays,Chicago White Sox,8,5
2026-04-14,823802,9,Toronto Blue Jays,Milwaukee Brewers,7,Toronto Blue Jays,Milwaukee Brewers,9,7
2026-04-14,823072,5,Cleveland Guardians,St. Louis Cardinals,6,St. Louis Cardinals,Cleveland Guardians,6,5
2026-04-14,824210,6,Colorado Rockies,Houston Astros,7,Houston Astros,Colorado Rockies,7,6
2026-04-14,823315,1,Seattle Mariners,San Diego Padres,4,San Diego Padres,Seattle Mariners,4,1
2026-04-14,825022,1,Texas Rangers,Athletics,2,Athletics,Texas Rangers,2,1
2026-04-14,823965,1,New York Mets,Los Angeles Dodgers,2,Los Angeles Dodgers,New York Mets,2,1
2026-04-15,824855,8,Arizona Diamondbacks,Baltimore Orioles,5,Arizona Diamondbacks,Baltimore Orioles,8,5
2026-04-15,823071,3,Cleveland Guardians,St. Louis Cardinals,5,St. Louis Cardinals,Cleveland Guardians,5,3
2026-04-15,823722,9,Boston Red Sox,Minnesota Twins,5,Boston Red Sox,Minnesota Twins,9,5
2026-04-15,824291,1,Kansas City Royals,Detroit Tigers,2,Detroit Tigers,Kansas City Royals,2,1
2026-04-15,823399,0,Washington Nationals,Pittsburgh Pirates,2,Pittsburgh Pirates,Washington Nationals,2,0
2026-04-15,824532,3,San Francisco Giants,Cincinnati Reds,8,Cincinnati Reds,San Francisco Giants,8,3
2026-04-15,823477,11,Chicago Cubs,Philadelphia Phillies,2,Chicago Cubs,Philadelphia Phillies,11,2
2026-04-15,823561,4,Los Angeles Angels,New York Yankees,5,New York Yankees,Los Angeles Angels,5,4
2026-04-15,824936,3,Miami Marlins,Atlanta Braves,6,Atlanta Braves,Miami Marlins,6,3
2026-04-15,824615,8,Tampa Bay Rays,Chicago White Sox,3,Tampa Bay Rays,Chicago White Sox,8,3
2026-04-15,823803,1,Toronto Blue Jays,Milwaukee Brewers,2,Milwaukee Brewers,Toronto Blue Jays,2,1
2026-04-15,824209,1,Colorado Rockies,Houston Astros,3,Houston Astros,Colorado Rockies,3,1
2026-04-15,823314,6,Seattle Mariners,San Diego Padres,7,San Diego Padres,Seattle Mariners,7,6
2026-04-15,825021,5,Texas Rangers,Athletics,6,Athletics,Texas Rangers,6,5
2026-04-15,823963,2,New York Mets,Los Angeles Dodgers,8,Los Angeles Dodgers,New York Mets,8,2
2026-04-16,823396,8,Washington Nationals,Pittsburgh Pirates,7,Washington Nationals,Pittsburgh Pirates,8,7
2026-04-16,824530,3,San Francisco Giants,Cincinnati Reds,0,San Francisco Giants,Cincinnati Reds,3,0
2026-04-16,824289,9,Kansas City Royals,Detroit Tigers,10,Detroit Tigers,Kansas City Royals,10,9
2026-04-16,823560,11,Los Angeles Angels,New York Yankees,4,Los Angeles Angels,New York Yankees,11,4
2026-04-16,823801,1,Toronto Blue Jays,Milwaukee Brewers,2,Milwaukee Brewers,Toronto Blue Jays,2,1
2026-04-16,824614,5,Tampa Bay Rays,Chicago White Sox,3,Tampa Bay Rays,Chicago White Sox,5,3
2026-04-16,825023,9,Texas Rangers,Athletics,6,Texas Rangers,Athletics,9,6
2026-04-16,824453,2,Baltimore Orioles,Cleveland Guardians,4,Cleveland Guardians,Baltimore Orioles,4,2
2026-04-16,824208,3,Colorado Rockies,Houston Astros,2,Colorado Rockies,Houston Astros,3,2
2026-04-16,823313,2,Seattle Mariners,San Diego Padres,5,San Diego Padres,Seattle Mariners,5,2
2026-04-17,824693,4,New York Mets,Chicago Cubs,12,Chicago Cubs,New York Mets,12,4
2026-04-17,824454,6,Baltimore Orioles,Cleveland Guardians,4,Baltimore Orioles,Cleveland Guardians,6,4
2026-04-17,823476,9,Atlanta Braves,Philadelphia Phillies,0,Atlanta Braves,Philadelphia Phillies,9,0
2026-04-17,822752,10,San Francisco Giants,Washington Nationals,5,San Francisco Giants,Washington Nationals,10,5
2026-04-17,823397,1,Tampa Bay Rays,Pittsburgh Pirates,5,Pittsburgh Pirates,Tampa Bay Rays,5,1
2026-04-17,823559,2,Kansas City Royals,New York Yankees,4,New York Yankees,Kansas City Royals,4,2
2026-04-17,823883,7,Milwaukee Brewers,Miami Marlins,5,Milwaukee Brewers,Miami Marlins,7,5
2026-04-17,824778,0,Detroit Tigers,Boston Red Sox,1,Boston Red Sox,Detroit Tigers,1,0
2026-04-17,824207,9,St. Louis Cardinals,Houston Astros,4,St. Louis Cardinals,Houston Astros,9,4
2026-04-17,823720,2,Cincinnati Reds,Minnesota Twins,1,Cincinnati Reds,Minnesota Twins,2,1
2026-04-17,824373,7,Los Angeles Dodgers,Colorado Rockies,1,Los Angeles Dodgers,Colorado Rockies,7,1
2026-04-17,824048,0,San Diego Padres,Los Angeles Angels,8,Los Angeles Angels,San Diego Padres,8,0
2026-04-17,823152,5,Texas Rangers,Seattle Mariners,0,Texas Rangers,Seattle Mariners,5,0
2026-04-17,825101,3,Toronto Blue Jays,Arizona Diamondbacks,6,Arizona Diamondbacks,Toronto Blue Jays,6,3
2026-04-17,825019,9,Chicago White Sox,Athletics,2,Chicago White Sox,Athletics,9,2
2026-04-18,823558,4,Kansas City Royals,New York Yankees,13,New York Yankees,Kansas City Royals,13,4
2026-04-18,823721,5,Cincinnati Reds,Minnesota Twins,4,Cincinnati Reds,Minnesota Twins,5,4
2026-04-18,824694,2,New York Mets,Chicago Cubs,4,Chicago Cubs,New York Mets,4,2
2026-04-18,823394,8,Tampa Bay Rays,Pittsburgh Pirates,7,Tampa Bay Rays,Pittsburgh Pirates,8,7
2026-04-18,822751,7,San Francisco Giants,Washington Nationals,6,San Francisco Giants,Washington Nationals,7,6
2026-04-18,825020,6,Chicago White Sox,Athletics,7,Athletics,Chicago White Sox,7,6
2026-04-18,824775,4,Detroit Tigers,Boston Red Sox,1,Detroit Tigers,Boston Red Sox,4,1
2026-04-18,823882,5,Milwaukee Brewers,Miami Marlins,2,Milwaukee Brewers,Miami Marlins,5,2
2026-04-18,824451,2,Baltimore Orioles,Cleveland Guardians,4,Cleveland Guardians,Baltimore Orioles,4,2
2026-04-18,824206,7,St. Louis Cardinals,Houston Astros,5,St. Louis Cardinals,Houston Astros,7,5
2026-04-18,823151,3,Texas Rangers,Seattle Mariners,7,Seattle Mariners,Texas Rangers,7,3
2026-04-18,823474,3,Atlanta Braves,Philadelphia Phillies,1,Atlanta Braves,Philadelphia Phillies,3,1
2026-04-18,824372,3,Los Angeles Dodgers,Colorado Rockies,4,Colorado Rockies,Los Angeles Dodgers,4,3
2026-04-18,825098,2,Toronto Blue Jays,Arizona Diamondbacks,6,Arizona Diamondbacks,Toronto Blue Jays,6,2
2026-04-18,824049,4,San Diego Padres,Los Angeles Angels,1,San Diego Padres,Los Angeles Angels,4,1
2026-04-19,822750,0,San Francisco Giants,Washington Nationals,3,Washington Nationals,San Francisco Giants,3,0
2026-04-19,823393,3,Tampa Bay Rays,Pittsburgh Pirates,6,Pittsburgh Pirates,Tampa Bay Rays,6,3
2026-04-19,823556,0,Kansas City Royals,New York Yankees,7,New York Yankees,Kansas City Royals,7,0
2026-04-19,824452,4,Baltimore Orioles,Cleveland Guardians,8,Cleveland Guardians,Baltimore Orioles,8,4
2026-04-19,823881,3,Milwaukee Brewers,Miami Marlins,5,Miami Marlins,Milwaukee Brewers,5,3
2026-04-19,824205,7,St. Louis Cardinals,Houston Astros,5,St. Louis Cardinals,Houston Astros,7,5
2026-04-19,823718,7,Cincinnati Reds,Minnesota Twins,4,Cincinnati Reds,Minnesota Twins,7,4
2026-04-19,824691,1,New York Mets,Chicago Cubs,2,Chicago Cubs,New York Mets,2,1
2026-04-19,824371,6,Los Angeles Dodgers,Colorado Rockies,9,Colorado Rockies,Los Angeles Dodgers,9,6
2026-04-19,825018,7,Chicago White Sox,Athletics,4,Chicago White Sox,Athletics,7,4
2026-04-19,824047,2,San Diego Padres,Los Angeles Angels,1,San Diego Padres,Los Angeles Angels,2,1
2026-04-19,823150,2,Texas Rangers,Seattle Mariners,5,Seattle Mariners,Texas Rangers,5,2
2026-04-19,825100,10,Toronto Blue Jays,Arizona Diamondbacks,4,Toronto Blue Jays,Arizona Diamondbacks,10,4
2026-04-19,824777,6,Detroit Tigers,Boston Red Sox,2,Detroit Tigers,Boston Red Sox,6,2
2026-04-19,823475,4,Atlanta Braves,Philadelphia Phillies,2,Atlanta Braves,Philadelphia Phillies,4,2
2026-04-20,824776,6,Detroit Tigers,Boston Red Sox,8,Boston Red Sox,Detroit Tigers,8,6
2026-04-20,824450,9,Houston Astros,Cleveland Guardians,2,Houston Astros,Cleveland Guardians,9,2
2026-04-20,822994,6,Cincinnati Reds,Tampa Bay Rays,1,Cincinnati Reds,Tampa Bay Rays,6,1
2026-04-20,823879,3,St. Louis Cardinals,Miami Marlins,5,Miami Marlins,St. Louis Cardinals,5,3
2026-04-20,822749,9,Atlanta Braves,Washington Nationals,4,Atlanta Braves,Washington Nationals,9,4
2026-04-20,824125,7,Baltimore Orioles,Kansas City Royals,5,Baltimore Orioles,Kansas City Royals,7,5
2026-04-20,824692,1,Philadelphia Phillies,Chicago Cubs,5,Chicago Cubs,Philadelphia Phillies,5,1
2026-04-20,824370,12,Los Angeles Dodgers,Colorado Rockies,3,Los Angeles Dodgers,Colorado Rockies,12,3
2026-04-20,824046,5,Toronto Blue Jays,Los Angeles Angels,2,Toronto Blue Jays,Los Angeles Angels,5,2
2026-04-20,823149,6,Athletics,Seattle Mariners,4,Athletics,Seattle Mariners,6,4
2026-04-21,824448,5,Houston Astros,Cleveland Guardians,8,Cleveland Guardians,Houston Astros,8,5
2026-04-21,822995,12,Cincinnati Reds,Tampa Bay Rays,6,Cincinnati Reds,Tampa Bay Rays,12,6
2026-04-21,823880,5,St. Louis Cardinals,Miami Marlins,3,St. Louis Cardinals,Miami Marlins,5,3
2026-04-21,824290,12,Milwaukee Brewers,Detroit Tigers,4,Milwaukee Brewers,Detroit Tigers,12,4
2026-04-21,822747,4,Atlanta Braves,Washington Nationals,11,Washington Nationals,Atlanta Braves,11,4
2026-04-21,824773,4,New York Yankees,Boston Red Sox,0,New York Yankees,Boston Red Sox,4,0
2026-04-21,823640,5,Minnesota Twins,New York Mets,3,Minnesota Twins,New York Mets,5,3
2026-04-21,824127,5,Baltimore Orioles,Kansas City Royals,6,Kansas City Royals,Baltimore Orioles,6,5
2026-04-21,824690,4,Philadelphia Phillies,Chicago Cubs,7,Chicago Cubs,Philadelphia Phillies,7,4
2026-04-21,822914,1,Pittsburgh Pirates,Texas Rangers,5,Texas Rangers,Pittsburgh Pirates,5,1
2026-04-21,824369,1,San Diego Padres,Colorado Rockies,0,San Diego Padres,Colorado Rockies,1,0
2026-04-21,824045,4,Toronto Blue Jays,Los Angeles Angels,2,Toronto Blue Jays,Los Angeles Angels,4,2
2026-04-21,823148,5,Athletics,Seattle Mariners,2,Athletics,Seattle Mariners,5,2
2026-04-21,825099,11,Chicago White Sox,Arizona Diamondbacks,5,Chicago White Sox,Arizona Diamondbacks,11,5
2026-04-21,823236,1,Los Angeles Dodgers,San Francisco Giants,3,San Francisco Giants,Los Angeles Dodgers,3,1
2026-04-22,823878,1,St. Louis Cardinals,Miami Marlins,4,Miami Marlins,St. Louis Cardinals,4,1
2026-04-22,824449,2,Houston Astros,Cleveland Guardians,0,Houston Astros,Cleveland Guardians,2,0
2026-04-22,822993,1,Cincinnati Reds,Tampa Bay Rays,6,Tampa Bay Rays,Cincinnati Reds,6,1
2026-04-22,824123,8,Baltimore Orioles,Kansas City Royals,6,Baltimore Orioles,Kansas City Royals,8,6
2026-04-22,824044,3,Toronto Blue Jays,Los Angeles Angels,7,Los Angeles Angels,Toronto Blue Jays,7,3
2026-04-22,823147,4,Athletics,Seattle Mariners,5,Seattle Mariners,Athletics,5,4
2026-04-22,824286,2,Milwaukee Brewers,Detroit Tigers,5,Detroit Tigers,Milwaukee Brewers,5,2
2026-04-22,822748,8,Atlanta Braves,Washington Nationals,6,Atlanta Braves,Washington Nationals,8,6
2026-04-22,824774,4,New York Yankees,Boston Red Sox,1,New York Yankees,Boston Red Sox,4,1
2026-04-22,823641,2,Minnesota Twins,New York Mets,3,New York Mets,Minnesota Twins,3,2
2026-04-22,824688,2,Philadelphia Phillies,Chicago Cubs,7,Chicago Cubs,Philadelphia Phillies,7,2
2026-04-22,822913,8,Pittsburgh Pirates,Texas Rangers,4,Pittsburgh Pirates,Texas Rangers,8,4
2026-04-22,824367,3,San Diego Padres,Colorado Rockies,8,Colorado Rockies,San Diego Padres,8,3
2026-04-22,825097,7,Chicago White Sox,Arizona Diamondbacks,11,Arizona Diamondbacks,Chicago White Sox,11,7
2026-04-22,823231,0,Los Angeles Dodgers,San Francisco Giants,3,San Francisco Giants,Los Angeles Dodgers,3,0
2026-04-23,822745,7,Atlanta Braves,Washington Nationals,2,Atlanta Braves,Washington Nationals,7,2
2026-04-23,824288,4,Milwaukee Brewers,Detroit Tigers,5,Detroit Tigers,Milwaukee Brewers,5,4
2026-04-23,824689,7,Philadelphia Phillies,Chicago Cubs,8,Chicago Cubs,Philadelphia Phillies,8,7
2026-04-23,824368,10,San Diego Padres,Colorado Rockies,8,San Diego Padres,Colorado Rockies,10,8
2026-04-23,825096,4,Chicago White Sox,Arizona Diamondbacks,1,Chicago White Sox,Arizona Diamondbacks,4,1
2026-04-23,823233,3,Los Angeles Dodgers,San Francisco Giants,0,Los Angeles Dodgers,San Francisco Giants,3,0
2026-04-23,824770,4,New York Yankees,Boston Red Sox,2,New York Yankees,Boston Red Sox,4,2
2026-04-23,823639,8,Minnesota Twins,New York Mets,10,New York Mets,Minnesota Twins,10,8
2026-04-23,822912,1,Pittsburgh Pirates,Texas Rangers,6,Texas Rangers,Pittsburgh Pirates,6,1
2026-04-24,824529,8,Detroit Tigers,Cincinnati Reds,9,Cincinnati Reds,Detroit Tigers,9,8
2026-04-24,824854,3,Boston Red Sox,Baltimore Orioles,10,Baltimore Orioles,Boston Red Sox,10,3
2026-04-24,822827,8,Cleveland Guardians,Toronto Blue Jays,6,Cleveland Guardians,Toronto Blue Jays,8,6
2026-04-24,823638,4,Colorado Rockies,New York Mets,3,Colorado Rockies,New York Mets,4,3
2026-04-24,822992,2,Minnesota Twins,Tampa Bay Rays,6,Tampa Bay Rays,Minnesota Twins,6,2
2026-04-24,824932,3,Philadelphia Phillies,Atlanta Braves,5,Atlanta Braves,Philadelphia Phillies,5,3
2026-04-24,824124,3,Los Angeles Angels,Kansas City Royals,6,Kansas City Royals,Los Angeles Angels,6,3
2026-04-24,824611,4,Washington Nationals,Chicago White Sox,5,Chicago White Sox,Washington Nationals,5,4
2026-04-24,823800,6,Pittsburgh Pirates,Milwaukee Brewers,0,Pittsburgh Pirates,Milwaukee Brewers,6,0
2026-04-24,822909,8,Athletics,Texas Rangers,1,Athletics,Texas Rangers,8,1
2026-04-24,824204,12,New York Yankees,Houston Astros,4,New York Yankees,Houston Astros,12,4
2026-04-24,823069,3,Seattle Mariners,St. Louis Cardinals,2,Seattle Mariners,St. Louis Cardinals,3,2
2026-04-24,823962,6,Chicago Cubs,Los Angeles Dodgers,4,Chicago Cubs,Los Angeles Dodgers,6,4
2026-04-24,823232,9,Miami Marlins,San Francisco Giants,4,Miami Marlins,San Francisco Giants,9,4
2026-04-25,824851,17,Boston Red Sox,Baltimore Orioles,1,Boston Red Sox,Baltimore Orioles,17,1
2026-04-25,823070,11,Seattle Mariners,St. Louis Cardinals,9,Seattle Mariners,St. Louis Cardinals,11,9
2026-04-25,822826,3,Cleveland Guardians,Toronto Blue Jays,5,Toronto Blue Jays,Cleveland Guardians,5,3
2026-04-25,823229,2,Miami Marlins,San Francisco Giants,6,San Francisco Giants,Miami Marlins,6,2
2026-04-25,822989,1,Minnesota Twins,Tampa Bay Rays,6,Tampa Bay Rays,Minnesota Twins,6,1
2026-04-25,824613,6,Washington Nationals,Chicago White Sox,3,Washington Nationals,Chicago White Sox,6,3
2026-04-25,825093,6,San Diego Padres,Arizona Diamondbacks,4,San Diego Padres,Arizona Diamondbacks,6,4
2026-04-25,822910,3,Athletics,Texas Rangers,4,Texas Rangers,Athletics,4,3
2026-04-25,824121,1,Los Angeles Angels,Kansas City Royals,12,Kansas City Royals,Los Angeles Angels,12,1
2026-04-25,824203,8,New York Yankees,Houston Astros,3,New York Yankees,Houston Astros,8,3
2026-04-25,823799,6,Pittsburgh Pirates,Milwaukee Brewers,3,Pittsburgh Pirates,Milwaukee Brewers,6,3
2026-04-25,824527,2,Detroit Tigers,Cincinnati Reds,9,Cincinnati Reds,Detroit Tigers,9,2
2026-04-25,823960,4,Chicago Cubs,Los Angeles Dodgers,12,Los Angeles Dodgers,Chicago Cubs,12,4
2026-04-25,824933,8,Philadelphia Phillies,Atlanta Braves,5,Philadelphia Phillies,Atlanta Braves,8,5
2026-04-26,824852,5,Boston Red Sox,Baltimore Orioles,3,Boston Red Sox,Baltimore Orioles,5,3
2026-04-26,824934,2,Philadelphia Phillies,Atlanta Braves,6,Atlanta Braves,Philadelphia Phillies,6,2
2026-04-26,822824,2,Cleveland Guardians,Toronto Blue Jays,4,Toronto Blue Jays,Cleveland Guardians,4,2
2026-04-26,824528,8,Detroit Tigers,Cincinnati Reds,3,Detroit Tigers,Cincinnati Reds,8,3
2026-04-26,823635,3,Colorado Rockies,New York Mets,1,Colorado Rockies,New York Mets,3,1
2026-04-26,823637,3,Colorado Rockies,New York Mets,0,Colorado Rockies,New York Mets,3,0
2026-04-26,822991,2,Minnesota Twins,Tampa Bay Rays,4,Tampa Bay Rays,Minnesota Twins,4,2
2026-04-26,824612,2,Washington Nationals,Chicago White Sox,1,Washington Nationals,Chicago White Sox,2,1
2026-04-26,824202,4,New York Yankees,Houston Astros,7,Houston Astros,New York Yankees,7,4
2026-04-26,823797,0,Pittsburgh Pirates,Milwaukee Brewers,5,Milwaukee Brewers,Pittsburgh Pirates,5,0
2026-04-26,823068,3,Seattle Mariners,St. Louis Cardinals,2,Seattle Mariners,St. Louis Cardinals,3,2
2026-04-26,822911,2,Athletics,Texas Rangers,1,Athletics,Texas Rangers,2,1
2026-04-26,825094,7,San Diego Padres,Arizona Diamondbacks,12,Arizona Diamondbacks,San Diego Padres,12,7
2026-04-26,823230,3,Miami Marlins,San Francisco Giants,6,San Francisco Giants,Miami Marlins,6,3
2026-04-26,824122,9,Los Angeles Angels,Kansas City Royals,11,Kansas City Royals,Los Angeles Angels,11,9
2026-04-26,823959,0,Chicago Cubs,Los Angeles Dodgers,6,Los Angeles Dodgers,Chicago Cubs,6,0
2026-04-27,824446,3,Tampa Bay Rays,Cleveland Guardians,2,Tampa Bay Rays,Cleveland Guardians,3,2
2026-04-27,823395,4,St. Louis Cardinals,Pittsburgh Pirates,2,St. Louis Cardinals,Pittsburgh Pirates,4,2
2026-04-27,822825,5,Boston Red Sox,Toronto Blue Jays,0,Boston Red Sox,Toronto Blue Jays,5,0
2026-04-27,823719,4,Seattle Mariners,Minnesota Twins,11,Minnesota Twins,Seattle Mariners,11,4
2026-04-27,824609,7,Los Angeles Angels,Chicago White Sox,8,Chicago White Sox,Los Angeles Angels,8,7
2026-04-27,822906,4,New York Yankees,Texas Rangers,2,New York Yankees,Texas Rangers,4,2
2026-04-27,823311,7,Chicago Cubs,San Diego Padres,9,San Diego Padres,Chicago Cubs,9,7
2026-04-27,823961,4,Miami Marlins,Los Angeles Dodgers,5,Los Angeles Dodgers,Miami Marlins,5,4
2026-04-28,824447,1,Tampa Bay Rays,Cleveland Guardians,0,Tampa Bay Rays,Cleveland Guardians,1,0
2026-04-28,824849,3,Houston Astros,Baltimore Orioles,5,Baltimore Orioles,Houston Astros,5,3
2026-04-28,824526,2,Colorado Rockies,Cincinnati Reds,7,Cincinnati Reds,Colorado Rockies,7,2
2026-04-28,823390,11,St. Louis Cardinals,Pittsburgh Pirates,7,St. Louis Cardinals,Pittsburgh Pirates,11,7
2026-04-28,823473,0,San Francisco Giants,Philadelphia Phillies,7,Philadelphia Phillies,San Francisco Giants,7,0
2026-04-28,822823,0,Boston Red Sox,Toronto Blue Jays,3,Toronto Blue Jays,Boston Red Sox,3,0
2026-04-28,823636,0,Washington Nationals,New York Mets,8,New York Mets,Washington Nationals,8,0
2026-04-28,824931,2,Detroit Tigers,Atlanta Braves,5,Atlanta Braves,Detroit Tigers,5,2
2026-04-28,823716,7,Seattle Mariners,Minnesota Twins,1,Seattle Mariners,Minnesota Twins,7,1
2026-04-28,824610,2,Los Angeles Angels,Chicago White Sox,5,Chicago White Sox,Los Angeles Angels,5,2
2026-04-28,823798,2,Arizona Diamondbacks,Milwaukee Brewers,13,Milwaukee Brewers,Arizona Diamondbacks,13,2
2026-04-28,822908,3,New York Yankees,Texas Rangers,2,New York Yankees,Texas Rangers,3,2
2026-04-28,825017,4,Kansas City Royals,Athletics,1,Kansas City Royals,Athletics,4,1
2026-04-28,823310,8,Chicago Cubs,San Diego Padres,3,Chicago Cubs,San Diego Padres,8,3
2026-04-28,823956,2,Miami Marlins,Los Angeles Dodgers,1,Miami Marlins,Los Angeles Dodgers,2,1
2026-04-29,824445,1,Tampa Bay Rays,Cleveland Guardians,3,Cleveland Guardians,Tampa Bay Rays,3,1
2026-04-29,824608,2,Los Angeles Angels,Chicago White Sox,3,Chicago White Sox,Los Angeles Angels,3,2
2026-04-29,823717,5,Seattle Mariners,Minnesota Twins,3,Seattle Mariners,Minnesota Twins,5,3
2026-04-29,822907,0,New York Yankees,Texas Rangers,3,Texas Rangers,New York Yankees,3,0
2026-04-29,822821,1,Boston Red Sox,Toronto Blue Jays,8,Toronto Blue Jays,Boston Red Sox,8,1
2026-04-29,823958,3,Miami Marlins,Los Angeles Dodgers,2,Miami Marlins,Los Angeles Dodgers,3,2
2026-04-29,823312,5,Chicago Cubs,San Diego Padres,4,Chicago Cubs,San Diego Padres,5,4
2026-04-29,824525,13,Colorado Rockies,Cincinnati Reds,2,Colorado Rockies,Cincinnati Reds,13,2
2026-04-29,823392,5,St. Louis Cardinals,Pittsburgh Pirates,4,St. Louis Cardinals,Pittsburgh Pirates,5,4
2026-04-29,823633,14,Washington Nationals,New York Mets,2,Washington Nationals,New York Mets,14,2
2026-04-29,824930,3,Detroit Tigers,Atlanta Braves,4,Atlanta Braves,Detroit Tigers,4,3
2026-04-29,823796,6,Arizona Diamondbacks,Milwaukee Brewers,2,Arizona Diamondbacks,Milwaukee Brewers,6,2
2026-04-29,825015,2,Kansas City Royals,Athletics,5,Athletics,Kansas City Royals,5,2
2026-04-30,824929,5,Detroit Tigers,Atlanta Braves,2,Detroit Tigers,Atlanta Braves,5,2
2026-04-30,824848,3,Houston Astros,Baltimore Orioles,10,Baltimore Orioles,Houston Astros,10,3
2026-04-30,824850,11,Houston Astros,Baltimore Orioles,5,Houston Astros,Baltimore Orioles,11,5
2026-04-30,823391,10,St. Louis Cardinals,Pittsburgh Pirates,5,St. Louis Cardinals,Pittsburgh Pirates,10,5
2026-04-30,823472,2,San Francisco Giants,Philadelphia Phillies,3,Philadelphia Phillies,San Francisco Giants,3,2
2026-04-30,823471,5,San Francisco Giants,Philadelphia Phillies,6,Philadelphia Phillies,San Francisco Giants,6,5
2026-04-30,824524,4,Colorado Rockies,Cincinnati Reds,6,Cincinnati Reds,Colorado Rockies,6,4
2026-04-30,823634,5,Washington Nationals,New York Mets,4,Washington Nationals,New York Mets,5,4
2026-04-30,823795,1,Arizona Diamondbacks,Milwaukee Brewers,13,Milwaukee Brewers,Arizona Diamondbacks,13,1
2026-04-30,825016,3,Kansas City Royals,Athletics,6,Athletics,Kansas City Royals,6,3
2026-04-30,823714,1,Toronto Blue Jays,Minnesota Twins,7,Minnesota Twins,Toronto Blue Jays,7,1
2026-05-01,824686,5,Arizona Diamondbacks,Chicago Cubs,6,Chicago Cubs,Arizona Diamondbacks,6,5
2026-05-01,824287,5,Texas Rangers,Detroit Tigers,4,Texas Rangers,Detroit Tigers,5,4
2026-05-01,823389,1,Cincinnati Reds,Pittsburgh Pirates,9,Pittsburgh Pirates,Cincinnati Reds,9,1
2026-05-01,822744,6,Milwaukee Brewers,Washington Nationals,1,Milwaukee Brewers,Washington Nationals,6,1
2026-05-01,823557,2,Baltimore Orioles,New York Yankees,7,New York Yankees,Baltimore Orioles,7,2
2026-05-01,824772,1,Houston Astros,Boston Red Sox,3,Boston Red Sox,Houston Astros,3,1
2026-05-01,822990,0,San Francisco Giants,Tampa Bay Rays,3,Tampa Bay Rays,San Francisco Giants,3,0
2026-05-01,823877,6,Philadelphia Phillies,Miami Marlins,5,Philadelphia Phillies,Miami Marlins,6,5
2026-05-01,823713,7,Toronto Blue Jays,Minnesota Twins,3,Toronto Blue Jays,Minnesota Twins,7,3
2026-05-01,823066,2,Los Angeles Dodgers,St. Louis Cardinals,7,St. Louis Cardinals,Los Angeles Dodgers,7,2
2026-05-01,824366,8,Atlanta Braves,Colorado Rockies,6,Atlanta Braves,Colorado Rockies,8,6
2026-05-01,824041,4,New York Mets,Los Angeles Angels,3,New York Mets,Los Angeles Angels,4,3
2026-05-01,825012,8,Cleveland Guardians,Athletics,5,Cleveland Guardians,Athletics,8,5
2026-05-01,823309,8,Chicago White Sox,San Diego Padres,2,Chicago White Sox,San Diego Padres,8,2
2026-05-01,823146,7,Kansas City Royals,Seattle Mariners,6,Kansas City Royals,Seattle Mariners,7,6
2026-05-02,823554,4,Baltimore Orioles,New York Yankees,9,New York Yankees,Baltimore Orioles,9,4
2026-05-02,823715,11,Toronto Blue Jays,Minnesota Twins,4,Toronto Blue Jays,Minnesota Twins,11,4
2026-05-02,824685,0,Arizona Diamondbacks,Chicago Cubs,2,Chicago Cubs,Arizona Diamondbacks,2,0
2026-05-02,825014,14,Cleveland Guardians,Athletics,6,Cleveland Guardians,Athletics,14,6
2026-05-02,823388,7,Cincinnati Reds,Pittsburgh Pirates,17,Pittsburgh Pirates,Cincinnati Reds,17,7
2026-05-02,822746,4,Milwaukee Brewers,Washington Nationals,1,Milwaukee Brewers,Washington Nationals,4,1
2026-05-02,824771,6,Houston Astros,Boston Red Sox,3,Houston Astros,Boston Red Sox,6,3
2026-05-02,823876,0,Philadelphia Phillies,Miami Marlins,4,Miami Marlins,Philadelphia Phillies,4,0
2026-05-02,822988,1,San Francisco Giants,Tampa Bay Rays,5,Tampa Bay Rays,San Francisco Giants,5,1
2026-05-02,823067,2,Los Angeles Dodgers,St. Louis Cardinals,3,St. Louis Cardinals,Los Angeles Dodgers,3,2
2026-05-02,824284,1,Texas Rangers,Detroit Tigers,5,Detroit Tigers,Texas Rangers,5,1
2026-05-02,824365,9,Atlanta Braves,Colorado Rockies,1,Atlanta Braves,Colorado Rockies,9,1
2026-05-02,823308,4,Chicago White Sox,San Diego Padres,0,Chicago White Sox,San Diego Padres,4,0
2026-05-02,824042,3,New York Mets,Los Angeles Angels,4,Los Angeles Angels,New York Mets,4,3
2026-05-02,823144,3,Kansas City Royals,Seattle Mariners,2,Kansas City Royals,Seattle Mariners,3,2
2026-05-03,823711,3,Toronto Blue Jays,Minnesota Twins,4,Minnesota Twins,Toronto Blue Jays,4,3
2026-05-03,824769,3,Houston Astros,Boston Red Sox,1,Houston Astros,Boston Red Sox,3,1
2026-05-03,823387,0,Cincinnati Reds,Pittsburgh Pirates,1,Pittsburgh Pirates,Cincinnati Reds,1,0
2026-05-03,823555,3,Baltimore Orioles,New York Yankees,11,New York Yankees,Baltimore Orioles,11,3
2026-05-03,822742,2,Milwaukee Brewers,Washington Nationals,3,Washington Nationals,Milwaukee Brewers,3,2
2026-05-03,822987,1,San Francisco Giants,Tampa Bay Rays,2,Tampa Bay Rays,San Francisco Giants,2,1
2026-05-03,823875,7,Philadelphia Phillies,Miami Marlins,2,Philadelphia Phillies,Miami Marlins,7,2
2026-05-03,823065,4,Los Angeles Dodgers,St. Louis Cardinals,1,Los Angeles Dodgers,St. Louis Cardinals,4,1
2026-05-03,824687,4,Arizona Diamondbacks,Chicago Cubs,8,Chicago Cubs,Arizona Diamondbacks,8,4
2026-05-03,824364,11,Atlanta Braves,Colorado Rockies,6,Atlanta Braves,Colorado Rockies,11,6
2026-05-03,825013,1,Cleveland Guardians,Athletics,7,Athletics,Cleveland Guardians,7,1
2026-05-03,824043,5,New York Mets,Los Angeles Angels,1,New York Mets,Los Angeles Angels,5,1
2026-05-03,823145,4,Kansas City Royals,Seattle Mariners,1,Kansas City Royals,Seattle Mariners,4,1
2026-05-03,823307,3,Chicago White Sox,San Diego Padres,4,San Diego Padres,Chicago White Sox,4,3
2026-05-03,824285,1,Texas Rangers,Detroit Tigers,7,Detroit Tigers,Texas Rangers,7,1
2026-05-04,824363,4,New York Mets,Colorado Rockies,2,New York Mets,Colorado Rockies,4,2
2026-05-04,824283,5,Boston Red Sox,Detroit Tigers,4,Boston Red Sox,Detroit Tigers,5,4
2026-05-04,822984,1,Toronto Blue Jays,Tampa Bay Rays,5,Tampa Bay Rays,Toronto Blue Jays,5,1
2026-05-04,823874,1,Philadelphia Phillies,Miami Marlins,0,Philadelphia Phillies,Miami Marlins,1,0
2026-05-04,823552,1,Baltimore Orioles,New York Yankees,12,New York Yankees,Baltimore Orioles,12,1
2026-05-04,824684,4,Cincinnati Reds,Chicago Cubs,5,Chicago Cubs,Cincinnati Reds,5,4
2026-05-04,824120,2,Cleveland Guardians,Kansas City Royals,6,Kansas City Royals,Cleveland Guardians,6,2
2026-05-04,823064,3,Milwaukee Brewers,St. Louis Cardinals,6,St. Louis Cardinals,Milwaukee Brewers,6,3
2026-05-04,824201,8,Los Angeles Dodgers,Houston Astros,3,Los Angeles Dodgers,Houston Astros,8,3
2026-05-04,824039,6,Chicago White Sox,Los Angeles Angels,0,Chicago White Sox,Los Angeles Angels,6,0
2026-05-04,823143,4,Atlanta Braves,Seattle Mariners,5,Seattle Mariners,Atlanta Braves,5,4
2026-05-04,823228,2,San Diego Padres,San Francisco Giants,3,San Francisco Giants,San Diego Padres,3,2
2026-05-05,824281,10,Boston Red Sox,Detroit Tigers,3,Boston Red Sox,Detroit Tigers,10,3
2026-05-05,822986,3,Toronto Blue Jays,Tampa Bay Rays,4,Tampa Bay Rays,Toronto Blue Jays,4,3
2026-05-05,823469,1,Athletics,Philadelphia Phillies,9,Philadelphia Phillies,Athletics,9,1
2026-05-05,823873,9,Baltimore Orioles,Miami Marlins,7,Baltimore Orioles,Miami Marlins,9,7
2026-05-05,822743,11,Minnesota Twins,Washington Nationals,3,Minnesota Twins,Washington Nationals,11,3
2026-05-05,823553,4,Texas Rangers,New York Yankees,7,New York Yankees,Texas Rangers,7,4
2026-05-05,824682,2,Cincinnati Reds,Chicago Cubs,3,Chicago Cubs,Cincinnati Reds,3,2
2026-05-05,824119,3,Cleveland Guardians,Kansas City Royals,5,Kansas City Royals,Cleveland Guardians,5,3
2026-05-05,824200,1,Los Angeles Dodgers,Houston Astros,2,Houston Astros,Los Angeles Dodgers,2,1
2026-05-05,824040,3,Chicago White Sox,Los Angeles Angels,4,Los Angeles Angels,Chicago White Sox,4,3
2026-05-05,825092,0,Pittsburgh Pirates,Arizona Diamondbacks,9,Arizona Diamondbacks,Pittsburgh Pirates,9,0
2026-05-05,823142,3,Atlanta Braves,Seattle Mariners,2,Atlanta Braves,Seattle Mariners,3,2
2026-05-05,823227,10,San Diego Padres,San Francisco Giants,5,San Diego Padres,San Francisco Giants,10,5
2026-05-06,822985,0,Toronto Blue Jays,Tampa Bay Rays,3,Tampa Bay Rays,Toronto Blue Jays,3,0
2026-05-06,823063,6,Milwaukee Brewers,St. Louis Cardinals,2,Milwaukee Brewers,St. Louis Cardinals,6,2
2026-05-06,824198,12,Los Angeles Dodgers,Houston Astros,2,Los Angeles Dodgers,Houston Astros,12,2
2026-05-06,823226,5,San Diego Padres,San Francisco Giants,1,San Diego Padres,San Francisco Giants,5,1
2026-05-06,824036,2,Chicago White Sox,Los Angeles Angels,8,Los Angeles Angels,Chicago White Sox,8,2
2026-05-06,823141,1,Atlanta Braves,Seattle Mariners,3,Seattle Mariners,Atlanta Braves,3,1
2026-05-06,824282,4,Boston Red Sox,Detroit Tigers,0,Boston Red Sox,Detroit Tigers,4,0
2026-05-06,823470,3,Athletics,Philadelphia Phillies,6,Philadelphia Phillies,Athletics,6,3
2026-05-06,823872,7,Baltimore Orioles,Miami Marlins,4,Baltimore Orioles,Miami Marlins,7,4
2026-05-06,822740,2,Minnesota Twins,Washington Nationals,15,Washington Nationals,Minnesota Twins,15,2
2026-05-06,823550,6,Texas Rangers,New York Yankees,1,Texas Rangers,New York Yankees,6,1
2026-05-06,824683,6,Cincinnati Reds,Chicago Cubs,7,Chicago Cubs,Cincinnati Reds,7,6
2026-05-06,824118,3,Cleveland Guardians,Kansas City Royals,1,Cleveland Guardians,Kansas City Royals,3,1
2026-05-06,824361,10,New York Mets,Colorado Rockies,5,New York Mets,Colorado Rockies,10,5
2026-05-06,825091,1,Pittsburgh Pirates,Arizona Diamondbacks,0,Pittsburgh Pirates,Arizona Diamondbacks,1,0
2026-05-07,823551,2,Texas Rangers,New York Yankees,9,New York Yankees,Texas Rangers,9,2
2026-05-07,822741,5,Minnesota Twins,Washington Nationals,7,Washington Nationals,Minnesota Twins,7,5
2026-05-07,824117,8,Cleveland Guardians,Kansas City Royals,5,Cleveland Guardians,Kansas City Royals,8,5
2026-05-07,824681,3,Cincinnati Reds,Chicago Cubs,8,Chicago Cubs,Cincinnati Reds,8,3
2026-05-07,824362,2,New York Mets,Colorado Rockies,6,Colorado Rockies,New York Mets,6,2
2026-05-07,825090,4,Pittsburgh Pirates,Arizona Diamondbacks,2,Pittsburgh Pirates,Arizona Diamondbacks,4,2
2026-05-07,823467,12,Athletics,Philadelphia Phillies,1,Athletics,Philadelphia Phillies,12,1
2026-05-07,823870,3,Baltimore Orioles,Miami Marlins,4,Miami Marlins,Baltimore Orioles,4,3
2026-05-07,824767,8,Tampa Bay Rays,Boston Red Sox,4,Tampa Bay Rays,Boston Red Sox,8,4
2026-05-07,823306,2,St. Louis Cardinals,San Diego Padres,1,St. Louis Cardinals,San Diego Padres,2,1
2026-05-08,824522,10,Houston Astros,Cincinnati Reds,0,Houston Astros,Cincinnati Reds,10,0
2026-05-08,823466,9,Colorado Rockies,Philadelphia Phillies,7,Colorado Rockies,Philadelphia Phillies,9,7
2026-05-08,824846,4,Athletics,Baltimore Orioles,3,Athletics,Baltimore Orioles,4,3
2026-05-08,822822,0,Los Angeles Angels,Toronto Blue Jays,2,Toronto Blue Jays,Los Angeles Angels,2,0
2026-05-08,824768,0,Tampa Bay Rays,Boston Red Sox,2,Boston Red Sox,Tampa Bay Rays,2,0
2026-05-08,823871,3,Washington Nationals,Miami Marlins,2,Washington Nationals,Miami Marlins,3,2
2026-05-08,824443,4,Minnesota Twins,Cleveland Guardians,6,Cleveland Guardians,Minnesota Twins,6,4
2026-05-08,824116,3,Detroit Tigers,Kansas City Royals,4,Kansas City Royals,Detroit Tigers,4,3
2026-05-08,824607,12,Seattle Mariners,Chicago White Sox,8,Seattle Mariners,Chicago White Sox,12,8
2026-05-08,823794,0,New York Yankees,Milwaukee Brewers,6,Milwaukee Brewers,New York Yankees,6,0
2026-05-08,822904,7,Chicago Cubs,Texas Rangers,1,Chicago Cubs,Texas Rangers,7,1
2026-05-08,825088,3,New York Mets,Arizona Diamondbacks,1,New York Mets,Arizona Diamondbacks,3,1
2026-05-08,823303,6,St. Louis Cardinals,San Diego Padres,0,St. Louis Cardinals,San Diego Padres,6,0
2026-05-08,823957,1,Atlanta Braves,Los Angeles Dodgers,3,Los Angeles Dodgers,Atlanta Braves,3,1
2026-05-08,823225,2,Pittsburgh Pirates,San Francisco Giants,5,San Francisco Giants,Pittsburgh Pirates,5,2
2026-05-09,822820,1,Los Angeles Angels,Toronto Blue Jays,14,Toronto Blue Jays,Los Angeles Angels,14,1
2026-05-09,824847,6,Athletics,Baltimore Orioles,2,Athletics,Baltimore Orioles,6,2
2026-05-09,824523,1,Houston Astros,Cincinnati Reds,3,Cincinnati Reds,Houston Astros,3,1
2026-05-09,823869,7,Washington Nationals,Miami Marlins,8,Miami Marlins,Washington Nationals,8,7
2026-05-09,823468,3,Colorado Rockies,Philadelphia Phillies,9,Philadelphia Phillies,Colorado Rockies,9,3
2026-05-09,824444,2,Minnesota Twins,Cleveland Guardians,1,Minnesota Twins,Cleveland Guardians,2,1
2026-05-09,822905,0,Chicago Cubs,Texas Rangers,6,Texas Rangers,Chicago Cubs,6,0
2026-05-09,824115,1,Detroit Tigers,Kansas City Royals,5,Kansas City Royals,Detroit Tigers,5,1
2026-05-09,824606,1,Seattle Mariners,Chicago White Sox,6,Chicago White Sox,Seattle Mariners,6,1
2026-05-09,823792,3,New York Yankees,Milwaukee Brewers,4,Milwaukee Brewers,New York Yankees,4,3
2026-05-09,825089,1,New York Mets,Arizona Diamondbacks,2,Arizona Diamondbacks,New York Mets,2,1
2026-05-09,823304,2,St. Louis Cardinals,San Diego Padres,4,San Diego Padres,St. Louis Cardinals,4,2
2026-05-09,823224,13,Pittsburgh Pirates,San Francisco Giants,3,Pittsburgh Pirates,San Francisco Giants,13,3
2026-05-09,823955,7,Atlanta Braves,Los Angeles Dodgers,2,Atlanta Braves,Los Angeles Dodgers,7,2
2026-05-10,823868,2,Washington Nationals,Miami Marlins,5,Miami Marlins,Washington Nationals,5,2
2026-05-10,824845,1,Athletics,Baltimore Orioles,2,Baltimore Orioles,Athletics,2,1
2026-05-10,824765,4,Tampa Bay Rays,Boston Red Sox,1,Tampa Bay Rays,Boston Red Sox,4,1
2026-05-10,823463,0,Colorado Rockies,Philadelphia Phillies,6,Philadelphia Phillies,Colorado Rockies,6,0
2026-05-10,822819,6,Los Angeles Angels,Toronto Blue Jays,1,Los Angeles Angels,Toronto Blue Jays,6,1
2026-05-10,824520,0,Houston Astros,Cincinnati Reds,5,Cincinnati Reds,Houston Astros,5,0
2026-05-10,824440,5,Minnesota Twins,Cleveland Guardians,4,Minnesota Twins,Cleveland Guardians,5,4
2026-05-10,824605,1,Seattle Mariners,Chicago White Sox,2,Chicago White Sox,Seattle Mariners,2,1
2026-05-10,823793,3,New York Yankees,Milwaukee Brewers,4,Milwaukee Brewers,New York Yankees,4,3
2026-05-10,822902,0,Chicago Cubs,Texas Rangers,3,Texas Rangers,Chicago Cubs,3,0
2026-05-10,823221,6,Pittsburgh Pirates,San Francisco Giants,7,San Francisco Giants,Pittsburgh Pirates,7,6
2026-05-10,825085,1,New York Mets,Arizona Diamondbacks,5,Arizona Diamondbacks,New York Mets,5,1
2026-05-10,823305,2,St. Louis Cardinals,San Diego Padres,3,San Diego Padres,St. Louis Cardinals,3,2
2026-05-10,823954,7,Atlanta Braves,Los Angeles Dodgers,2,Atlanta Braves,Los Angeles Dodgers,7,2
2026-05-10,824113,6,Detroit Tigers,Kansas City Royals,3,Detroit Tigers,Kansas City Royals,6,3
2026-05-11,824441,2,Los Angeles Angels,Cleveland Guardians,7,Cleveland Guardians,Los Angeles Angels,7,2
2026-05-11,824844,2,New York Yankees,Baltimore Orioles,3,Baltimore Orioles,New York Yankees,3,2
2026-05-11,822818,8,Tampa Bay Rays,Toronto Blue Jays,5,Tampa Bay Rays,Toronto Blue Jays,8,5
2026-05-11,822901,1,Arizona Diamondbacks,Texas Rangers,0,Arizona Diamondbacks,Texas Rangers,1,0
2026-05-11,824199,3,Seattle Mariners,Houston Astros,1,Seattle Mariners,Houston Astros,3,1
2026-05-11,823953,9,San Francisco Giants,Los Angeles Dodgers,3,San Francisco Giants,Los Angeles Dodgers,9,3
2026-05-12,824442,2,Los Angeles Angels,Cleveland Guardians,3,Cleveland Guardians,Los Angeles Angels,3,2
2026-05-12,824843,6,New York Yankees,Baltimore Orioles,2,New York Yankees,Baltimore Orioles,6,2
2026-05-12,824521,10,Washington Nationals,Cincinnati Reds,4,Washington Nationals,Cincinnati Reds,10,4
2026-05-12,823385,1,Colorado Rockies,Pittsburgh Pirates,3,Pittsburgh Pirates,Colorado Rockies,3,1
2026-05-12,824764,2,Philadelphia Phillies,Boston Red Sox,1,Philadelphia Phillies,Boston Red Sox,2,1
2026-05-12,822817,7,Tampa Bay Rays,Toronto Blue Jays,6,Tampa Bay Rays,Toronto Blue Jays,7,6
2026-05-12,823632,2,Detroit Tigers,New York Mets,10,New York Mets,Detroit Tigers,10,2
2026-05-12,824927,2,Chicago Cubs,Atlanta Braves,5,Atlanta Braves,Chicago Cubs,5,2
2026-05-12,824604,5,Kansas City Royals,Chicago White Sox,6,Chicago White Sox,Kansas City Royals,6,5
2026-05-12,823712,0,Miami Marlins,Minnesota Twins,3,Minnesota Twins,Miami Marlins,3,0
2026-05-12,823790,4,San Diego Padres,Milwaukee Brewers,6,Milwaukee Brewers,San Diego Padres,6,4
2026-05-12,822903,4,Arizona Diamondbacks,Texas Rangers,7,Texas Rangers,Arizona Diamondbacks,7,4
2026-05-12,824197,10,Seattle Mariners,Houston Astros,2,Seattle Mariners,Houston Astros,10,2
2026-05-12,825011,6,St. Louis Cardinals,Athletics,4,St. Louis Cardinals,Athletics,6,4
2026-05-12,823951,6,San Francisco Giants,Los Angeles Dodgers,2,San Francisco Giants,Los Angeles Dodgers,6,2
2026-05-13,824841,0,New York Yankees,Baltimore Orioles,7,Baltimore Orioles,New York Yankees,7,0
2026-05-13,824438,2,Los Angeles Angels,Cleveland Guardians,4,Cleveland Guardians,Los Angeles Angels,4,2
2026-05-13,824519,8,Washington Nationals,Cincinnati Reds,7,Washington Nationals,Cincinnati Reds,8,7
2026-05-13,823386,10,Colorado Rockies,Pittsburgh Pirates,4,Colorado Rockies,Pittsburgh Pirates,10,4
2026-05-13,824763,1,Philadelphia Phillies,Boston Red Sox,3,Boston Red Sox,Philadelphia Phillies,3,1
2026-05-13,822815,3,Tampa Bay Rays,Toronto Blue Jays,5,Toronto Blue Jays,Tampa Bay Rays,5,3
2026-05-13,823631,2,Detroit Tigers,New York Mets,3,New York Mets,Detroit Tigers,3,2
2026-05-13,824928,1,Chicago Cubs,Atlanta Braves,4,Atlanta Braves,Chicago Cubs,4,1
2026-05-13,824603,5,Kansas City Royals,Chicago White Sox,6,Chicago White Sox,Kansas City Royals,6,5
2026-05-13,823710,9,Miami Marlins,Minnesota Twins,5,Miami Marlins,Minnesota Twins,9,5
2026-05-13,823791,3,San Diego Padres,Milwaukee Brewers,1,San Diego Padres,Milwaukee Brewers,3,1
2026-05-13,822900,5,Arizona Diamondbacks,Texas Rangers,6,Texas Rangers,Arizona Diamondbacks,6,5
2026-05-13,824195,3,Seattle Mariners,Houston Astros,4,Houston Astros,Seattle Mariners,4,3
2026-05-13,825010,2,St. Louis Cardinals,Athletics,6,Athletics,St. Louis Cardinals,6,2
2026-05-13,823952,0,San Francisco Giants,Los Angeles Dodgers,4,Los Angeles Dodgers,San Francisco Giants,4,0
2026-05-14,823383,2,Colorado Rockies,Pittsburgh Pirates,7,Pittsburgh Pirates,Colorado Rockies,7,2
2026-05-14,824517,1,Washington Nationals,Cincinnati Reds,15,Cincinnati Reds,Washington Nationals,15,1
2026-05-14,823630,4,Detroit Tigers,New York Mets,9,New York Mets,Detroit Tigers,9,4
2026-05-14,823709,1,Miami Marlins,Minnesota Twins,9,Minnesota Twins,Miami Marlins,9,1
2026-05-14,823789,1,San Diego Padres,Milwaukee Brewers,7,Milwaukee Brewers,San Diego Padres,7,1
2026-05-14,824196,8,Seattle Mariners,Houston Astros,3,Seattle Mariners,Houston Astros,8,3
2026-05-14,825008,5,St. Louis Cardinals,Athletics,4,St. Louis Cardinals,Athletics,5,4
2026-05-14,824762,3,Philadelphia Phillies,Boston Red Sox,1,Philadelphia Phillies,Boston Red Sox,3,1
2026-05-14,824926,2,Chicago Cubs,Atlanta Braves,0,Chicago Cubs,Atlanta Braves,2,0
2026-05-14,824602,2,Kansas City Royals,Chicago White Sox,6,Chicago White Sox,Kansas City Royals,6,2
2026-05-14,823950,2,San Francisco Giants,Los Angeles Dodgers,5,Los Angeles Dodgers,San Francisco Giants,5,2
2026-05-15,823384,11,Philadelphia Phillies,Pittsburgh Pirates,9,Philadelphia Phillies,Pittsburgh Pirates,11,9
2026-05-15,822739,2,Baltimore Orioles,Washington Nationals,3,Washington Nationals,Baltimore Orioles,3,2
2026-05-15,824280,2,Toronto Blue Jays,Detroit Tigers,3,Detroit Tigers,Toronto Blue Jays,3,2
2026-05-15,824439,7,Cincinnati Reds,Cleveland Guardians,6,Cincinnati Reds,Cleveland Guardians,7,6
2026-05-15,822983,2,Miami Marlins,Tampa Bay Rays,7,Tampa Bay Rays,Miami Marlins,7,2
2026-05-15,823707,3,Milwaukee Brewers,Minnesota Twins,2,Milwaukee Brewers,Minnesota Twins,3,2
2026-05-15,824925,2,Boston Red Sox,Atlanta Braves,3,Atlanta Braves,Boston Red Sox,3,2
2026-05-15,823629,5,New York Yankees,New York Mets,2,New York Yankees,New York Mets,5,2
2026-05-15,824601,10,Chicago Cubs,Chicago White Sox,5,Chicago Cubs,Chicago White Sox,10,5
2026-05-15,824194,0,Texas Rangers,Houston Astros,2,Houston Astros,Texas Rangers,2,0
2026-05-15,823061,4,Kansas City Royals,St. Louis Cardinals,5,St. Louis Cardinals,Kansas City Royals,5,4
2026-05-15,824360,9,Arizona Diamondbacks,Colorado Rockies,1,Arizona Diamondbacks,Colorado Rockies,9,1
2026-05-15,824037,6,Los Angeles Dodgers,Los Angeles Angels,0,Los Angeles Dodgers,Los Angeles Angels,6,0
2026-05-15,823140,2,San Diego Padres,Seattle Mariners,0,San Diego Padres,Seattle Mariners,2,0
2026-05-15,825009,2,San Francisco Giants,Athletics,5,Athletics,San Francisco Giants,5,2
2026-05-16,824278,2,Toronto Blue Jays,Detroit Tigers,1,Toronto Blue Jays,Detroit Tigers,2,1
2026-05-16,823060,2,Kansas City Royals,St. Louis Cardinals,4,St. Louis Cardinals,Kansas City Royals,4,2
2026-05-16,824359,2,Arizona Diamondbacks,Colorado Rockies,4,Colorado Rockies,Arizona Diamondbacks,4,2
2026-05-16,822737,3,Baltimore Orioles,Washington Nationals,13,Washington Nationals,Baltimore Orioles,13,3
2026-05-16,823382,6,Philadelphia Phillies,Pittsburgh Pirates,0,Philadelphia Phillies,Pittsburgh Pirates,6,0
2026-05-16,822981,10,Miami Marlins,Tampa Bay Rays,5,Miami Marlins,Tampa Bay Rays,10,5
2026-05-16,824435,4,Cincinnati Reds,Cleveland Guardians,7,Cleveland Guardians,Cincinnati Reds,7,4
2026-05-16,824193,1,Texas Rangers,Houston Astros,4,Houston Astros,Texas Rangers,4,1
2026-05-16,824600,3,Chicago Cubs,Chicago White Sox,8,Chicago White Sox,Chicago Cubs,8,3
2026-05-16,823706,2,Milwaukee Brewers,Minnesota Twins,1,Milwaukee Brewers,Minnesota Twins,2,1
2026-05-16,823139,7,San Diego Padres,Seattle Mariners,4,San Diego Padres,Seattle Mariners,7,4
2026-05-16,824924,3,Boston Red Sox,Atlanta Braves,2,Boston Red Sox,Atlanta Braves,3,2
2026-05-16,823627,3,New York Yankees,New York Mets,6,New York Mets,New York Yankees,6,3
2026-05-16,824038,15,Los Angeles Dodgers,Los Angeles Angels,2,Los Angeles Dodgers,Los Angeles Angels,15,2
2026-05-16,825007,6,San Francisco Giants,Athletics,4,San Francisco Giants,Athletics,6,4
2026-05-17,822982,3,Miami Marlins,Tampa Bay Rays,6,Tampa Bay Rays,Miami Marlins,6,3
2026-05-17,822738,7,Baltimore Orioles,Washington Nationals,3,Baltimore Orioles,Washington Nationals,7,3
2026-05-17,823381,6,Philadelphia Phillies,Pittsburgh Pirates,0,Philadelphia Phillies,Pittsburgh Pirates,6,0
2026-05-17,824923,1,Boston Red Sox,Atlanta Braves,8,Atlanta Braves,Boston Red Sox,8,1
2026-05-17,824436,3,Cincinnati Reds,Cleveland Guardians,10,Cleveland Guardians,Cincinnati Reds,10,3
2026-05-17,824279,4,Toronto Blue Jays,Detroit Tigers,1,Toronto Blue Jays,Detroit Tigers,4,1
2026-05-17,823628,6,New York Yankees,New York Mets,7,New York Mets,New York Yankees,7,6
2026-05-17,824192,8,Texas Rangers,Houston Astros,0,Texas Rangers,Houston Astros,8,0
2026-05-17,824599,8,Chicago Cubs,Chicago White Sox,9,Chicago White Sox,Chicago Cubs,9,8
2026-05-17,823708,4,Milwaukee Brewers,Minnesota Twins,5,Minnesota Twins,Milwaukee Brewers,5,4
2026-05-17,823058,2,Kansas City Royals,St. Louis Cardinals,0,Kansas City Royals,St. Louis Cardinals,2,0
2026-05-17,824358,8,Arizona Diamondbacks,Colorado Rockies,6,Arizona Diamondbacks,Colorado Rockies,8,6
2026-05-17,825006,10,San Francisco Giants,Athletics,1,San Francisco Giants,Athletics,10,1
2026-05-17,824034,10,Los Angeles Dodgers,Los Angeles Angels,1,Los Angeles Dodgers,Los Angeles Angels,10,1
2026-05-17,823138,8,San Diego Padres,Seattle Mariners,3,San Diego Padres,Seattle Mariners,8,3
2026-05-18,824277,8,Cleveland Guardians,Detroit Tigers,2,Cleveland Guardians,Detroit Tigers,8,2
2026-05-18,822980,6,Baltimore Orioles,Tampa Bay Rays,16,Tampa Bay Rays,Baltimore Orioles,16,6
2026-05-18,823465,4,Cincinnati Reds,Philadelphia Phillies,5,Philadelphia Phillies,Cincinnati Reds,5,4
2026-05-18,823867,0,Atlanta Braves,Miami Marlins,12,Miami Marlins,Atlanta Braves,12,0
2026-05-18,822734,16,New York Mets,Washington Nationals,7,New York Mets,Washington Nationals,16,7
2026-05-18,823549,6,Toronto Blue Jays,New York Yankees,7,New York Yankees,Toronto Blue Jays,7,6
2026-05-18,824114,3,Boston Red Sox,Kansas City Royals,1,Boston Red Sox,Kansas City Royals,3,1
2026-05-18,823705,3,Houston Astros,Minnesota Twins,6,Minnesota Twins,Houston Astros,6,3
2026-05-18,824680,9,Milwaukee Brewers,Chicago Cubs,3,Milwaukee Brewers,Chicago Cubs,9,3
2026-05-18,824357,6,Texas Rangers,Colorado Rockies,7,Colorado Rockies,Texas Rangers,7,6
2026-05-18,824035,1,Athletics,Los Angeles Angels,2,Los Angeles Angels,Athletics,2,1
2026-05-18,823301,0,Los Angeles Dodgers,San Diego Padres,1,San Diego Padres,Los Angeles Dodgers,1,0
2026-05-18,825087,2,San Francisco Giants,Arizona Diamondbacks,12,Arizona Diamondbacks,San Francisco Giants,12,2
2026-05-18,823137,1,Chicago White Sox,Seattle Mariners,6,Seattle Mariners,Chicago White Sox,6,1
2026-05-19,823865,8,Atlanta Braves,Miami Marlins,4,Atlanta Braves,Miami Marlins,8,4
2026-05-19,824276,4,Cleveland Guardians,Detroit Tigers,3,Cleveland Guardians,Detroit Tigers,4,3
2026-05-19,822979,1,Baltimore Orioles,Tampa Bay Rays,4,Tampa Bay Rays,Baltimore Orioles,4,1
2026-05-19,823464,4,Cincinnati Reds,Philadelphia Phillies,1,Cincinnati Reds,Philadelphia Phillies,4,1
2026-05-19,822736,6,New York Mets,Washington Nationals,9,Washington Nationals,New York Mets,9,6
2026-05-19,823548,4,Toronto Blue Jays,New York Yankees,5,New York Yankees,Toronto Blue Jays,5,4
2026-05-19,824112,7,Boston Red Sox,Kansas City Royals,1,Boston Red Sox,Kansas City Royals,7,1
2026-05-19,823704,2,Houston Astros,Minnesota Twins,1,Houston Astros,Minnesota Twins,2,1
2026-05-19,824677,5,Milwaukee Brewers,Chicago Cubs,2,Milwaukee Brewers,Chicago Cubs,5,2
2026-05-19,823059,6,Pittsburgh Pirates,St. Louis Cardinals,9,St. Louis Cardinals,Pittsburgh Pirates,9,6
2026-05-19,824356,10,Texas Rangers,Colorado Rockies,0,Texas Rangers,Colorado Rockies,10,0
2026-05-19,824033,14,Athletics,Los Angeles Angels,6,Athletics,Los Angeles Angels,14,6
2026-05-19,823302,5,Los Angeles Dodgers,San Diego Padres,4,Los Angeles Dodgers,San Diego Padres,5,4
2026-05-19,825086,3,San Francisco Giants,Arizona Diamondbacks,5,Arizona Diamondbacks,San Francisco Giants,5,3
2026-05-19,823136,2,Chicago White Sox,Seattle Mariners,1,Chicago White Sox,Seattle Mariners,2,1
2026-05-20,823462,9,Cincinnati Reds,Philadelphia Phillies,4,Cincinnati Reds,Philadelphia Phillies,9,4
2026-05-20,822977,3,Baltimore Orioles,Tampa Bay Rays,5,Tampa Bay Rays,Baltimore Orioles,5,3
2026-05-20,823703,1,Houston Astros,Minnesota Twins,4,Minnesota Twins,Houston Astros,4,1
2026-05-20,824355,5,Texas Rangers,Colorado Rockies,4,Texas Rangers,Colorado Rockies,5,4
2026-05-20,825084,3,San Francisco Giants,Arizona Diamondbacks,6,Arizona Diamondbacks,San Francisco Giants,6,3
2026-05-20,823134,4,Chicago White Sox,Seattle Mariners,5,Seattle Mariners,Chicago White Sox,5,4
2026-05-20,824273,3,Cleveland Guardians,Detroit Tigers,2,Cleveland Guardians,Detroit Tigers,3,2
2026-05-20,823866,9,Atlanta Braves,Miami Marlins,1,Atlanta Braves,Miami Marlins,9,1
2026-05-20,822735,4,New York Mets,Washington Nationals,8,Washington Nationals,New York Mets,8,4
2026-05-20,823547,2,Toronto Blue Jays,New York Yankees,1,Toronto Blue Jays,New York Yankees,2,1
2026-05-20,824111,4,Boston Red Sox,Kansas City Royals,3,Boston Red Sox,Kansas City Royals,4,3
2026-05-20,824678,5,Milwaukee Brewers,Chicago Cubs,0,Milwaukee Brewers,Chicago Cubs,5,0
2026-05-20,823057,7,Pittsburgh Pirates,St. Louis Cardinals,0,Pittsburgh Pirates,St. Louis Cardinals,7,0
2026-05-20,823299,4,Los Angeles Dodgers,San Diego Padres,0,Los Angeles Dodgers,San Diego Padres,4,0
2026-05-20,824032,6,Athletics,Los Angeles Angels,5,Athletics,Los Angeles Angels,6,5
2026-05-21,824274,3,Cleveland Guardians,Detroit Tigers,1,Cleveland Guardians,Detroit Tigers,3,1
2026-05-21,823056,6,Pittsburgh Pirates,St. Louis Cardinals,2,Pittsburgh Pirates,St. Louis Cardinals,6,2
2026-05-21,822733,2,New York Mets,Washington Nationals,1,New York Mets,Washington Nationals,2,1
2026-05-21,823864,9,Atlanta Braves,Miami Marlins,3,Atlanta Braves,Miami Marlins,9,3
2026-05-21,823545,2,Toronto Blue Jays,New York Yankees,0,Toronto Blue Jays,New York Yankees,2,0
2026-05-21,824031,3,Athletics,Los Angeles Angels,2,Athletics,Los Angeles Angels,3,2
2026-05-21,825083,1,Colorado Rockies,Arizona Diamondbacks,2,Arizona Diamondbacks,Colorado Rockies,2,1
2026-05-22,824679,4,Houston Astros,Chicago Cubs,2,Houston Astros,Chicago Cubs,4,2
2026-05-22,823461,1,Cleveland Guardians,Philadelphia Phillies,0,Cleveland Guardians,Philadelphia Phillies,1,0
2026-05-22,823546,4,Tampa Bay Rays,New York Yankees,2,Tampa Bay Rays,New York Yankees,4,2
2026-05-22,822816,2,Pittsburgh Pirates,Toronto Blue Jays,6,Toronto Blue Jays,Pittsburgh Pirates,6,2
2026-05-22,824761,8,Minnesota Twins,Boston Red Sox,6,Minnesota Twins,Boston Red Sox,8,6
2026-05-22,823863,1,New York Mets,Miami Marlins,2,Miami Marlins,New York Mets,2,1
2026-05-22,824842,4,Detroit Tigers,Baltimore Orioles,7,Baltimore Orioles,Detroit Tigers,7,4
2026-05-22,824922,4,Washington Nationals,Atlanta Braves,5,Atlanta Braves,Washington Nationals,5,4
2026-05-22,824110,2,Seattle Mariners,Kansas City Royals,0,Seattle Mariners,Kansas City Royals,2,0
2026-05-22,823788,1,Los Angeles Dodgers,Milwaukee Brewers,5,Milwaukee Brewers,Los Angeles Dodgers,5,1
2026-05-22,824029,6,Texas Rangers,Los Angeles Angels,9,Los Angeles Angels,Texas Rangers,9,6
2026-05-22,825082,3,Colorado Rockies,Arizona Diamondbacks,2,Colorado Rockies,Arizona Diamondbacks,3,2
2026-05-22,823298,3,Athletics,San Diego Padres,7,San Diego Padres,Athletics,7,3
2026-05-22,823223,9,Chicago White Sox,San Francisco Giants,4,Chicago White Sox,San Francisco Giants,9,4
2026-05-23,824518,8,St. Louis Cardinals,Cincinnati Reds,1,St. Louis Cardinals,Cincinnati Reds,8,1
2026-05-23,824516,6,St. Louis Cardinals,Cincinnati Reds,7,Cincinnati Reds,St. Louis Cardinals,7,6
2026-05-23,824674,3,Houston Astros,Chicago Cubs,0,Houston Astros,Chicago Cubs,3,0
2026-05-23,822814,2,Pittsburgh Pirates,Toronto Blue Jays,5,Toronto Blue Jays,Pittsburgh Pirates,5,2
2026-05-23,823458,0,Cleveland Guardians,Philadelphia Phillies,3,Philadelphia Phillies,Cleveland Guardians,3,0
2026-05-23,823222,3,Chicago White Sox,San Francisco Giants,10,San Francisco Giants,Chicago White Sox,10,3
2026-05-23,824109,0,Seattle Mariners,Kansas City Royals,5,Kansas City Royals,Seattle Mariners,5,0
2026-05-23,824760,4,Minnesota Twins,Boston Red Sox,2,Minnesota Twins,Boston Red Sox,4,2
2026-05-23,824920,2,Washington Nationals,Atlanta Braves,0,Washington Nationals,Atlanta Braves,2,0
2026-05-23,823862,1,New York Mets,Miami Marlins,4,Miami Marlins,New York Mets,4,1
2026-05-23,823787,11,Los Angeles Dodgers,Milwaukee Brewers,3,Los Angeles Dodgers,Milwaukee Brewers,11,3
2026-05-23,823300,0,Athletics,San Diego Padres,2,San Diego Padres,Athletics,2,0
2026-05-23,824030,2,Texas Rangers,Los Angeles Angels,5,Los Angeles Angels,Texas Rangers,5,2
2026-05-23,825080,4,Colorado Rockies,Arizona Diamondbacks,5,Arizona Diamondbacks,Colorado Rockies,5,4
2026-05-24,822813,4,Pittsburgh Pirates,Toronto Blue Jays,1,Pittsburgh Pirates,Toronto Blue Jays,4,1
2026-05-24,824839,3,Detroit Tigers,Baltimore Orioles,5,Baltimore Orioles,Detroit Tigers,5,3
2026-05-24,824840,4,Detroit Tigers,Baltimore Orioles,1,Detroit Tigers,Baltimore Orioles,4,1
2026-05-24,824759,6,Minnesota Twins,Boston Red Sox,5,Minnesota Twins,Boston Red Sox,6,5
2026-05-24,823459,3,Cleveland Guardians,Philadelphia Phillies,1,Cleveland Guardians,Philadelphia Phillies,3,1
2026-05-24,823544,0,Tampa Bay Rays,New York Yankees,2,New York Yankees,Tampa Bay Rays,2,0
2026-05-24,823861,0,New York Mets,Miami Marlins,4,Miami Marlins,New York Mets,4,0
2026-05-24,824108,6,Seattle Mariners,Kansas City Royals,8,Kansas City Royals,Seattle Mariners,8,6
2026-05-24,823786,5,Los Angeles Dodgers,Milwaukee Brewers,1,Los Angeles Dodgers,Milwaukee Brewers,5,1
2026-05-24,824676,8,Houston Astros,Chicago Cubs,5,Houston Astros,Chicago Cubs,8,5
2026-05-24,823220,5,Chicago White Sox,San Francisco Giants,8,San Francisco Giants,Chicago White Sox,8,5
2026-05-24,825081,1,Colorado Rockies,Arizona Diamondbacks,9,Arizona Diamondbacks,Colorado Rockies,9,1
2026-05-24,823297,5,Athletics,San Diego Padres,2,Athletics,San Diego Padres,5,2
2026-05-24,824921,2,Washington Nationals,Atlanta Braves,1,Washington Nationals,Atlanta Braves,2,1
2026-05-24,824028,1,Texas Rangers,Los Angeles Angels,2,Los Angeles Angels,Texas Rangers,2,1
2026-05-25,823380,1,Chicago Cubs,Pittsburgh Pirates,2,Pittsburgh Pirates,Chicago Cubs,2,1
2026-05-25,824838,7,Tampa Bay Rays,Baltimore Orioles,9,Baltimore Orioles,Tampa Bay Rays,9,7
2026-05-25,824598,1,Minnesota Twins,Chicago White Sox,3,Chicago White Sox,Minnesota Twins,3,1
2026-05-25,823784,1,St. Louis Cardinals,Milwaukee Brewers,5,Milwaukee Brewers,St. Louis Cardinals,5,1
2026-05-25,824107,4,New York Yankees,Kansas City Royals,3,New York Yankees,Kansas City Royals,4,3
2026-05-25,823625,7,Cincinnati Reds,New York Mets,2,Cincinnati Reds,New York Mets,7,2
2026-05-25,823219,6,Arizona Diamondbacks,San Francisco Giants,2,Arizona Diamondbacks,San Francisco Giants,6,2
2026-05-25,824437,10,Washington Nationals,Cleveland Guardians,2,Washington Nationals,Cleveland Guardians,10,2
2026-05-25,823296,3,Philadelphia Phillies,San Diego Padres,0,Philadelphia Phillies,San Diego Padres,3,0
2026-05-25,822899,9,Houston Astros,Texas Rangers,0,Houston Astros,Texas Rangers,9,0
2026-05-25,822812,8,Miami Marlins,Toronto Blue Jays,2,Miami Marlins,Toronto Blue Jays,8,2
2026-05-25,823948,3,Colorado Rockies,Los Angeles Dodgers,5,Los Angeles Dodgers,Colorado Rockies,5,3
2026-05-25,825005,9,Seattle Mariners,Athletics,2,Seattle Mariners,Athletics,9,2
2026-05-26,824434,6,Washington Nationals,Cleveland Guardians,3,Washington Nationals,Cleveland Guardians,6,3
2026-05-26,824837,1,Tampa Bay Rays,Baltimore Orioles,6,Baltimore Orioles,Tampa Bay Rays,6,1
2026-05-26,824275,10,Los Angeles Angels,Detroit Tigers,6,Los Angeles Angels,Detroit Tigers,10,6
2026-05-26,823379,1,Chicago Cubs,Pittsburgh Pirates,12,Pittsburgh Pirates,Chicago Cubs,12,1
2026-05-26,824758,7,Atlanta Braves,Boston Red Sox,6,Atlanta Braves,Boston Red Sox,7,6
2026-05-26,822811,1,Miami Marlins,Toronto Blue Jays,8,Toronto Blue Jays,Miami Marlins,8,1
2026-05-26,823624,7,Cincinnati Reds,New York Mets,2,Cincinnati Reds,New York Mets,7,2
2026-05-26,824597,5,Minnesota Twins,Chicago White Sox,3,Minnesota Twins,Chicago White Sox,5,3
2026-05-26,824106,15,New York Yankees,Kansas City Royals,1,New York Yankees,Kansas City Royals,15,1
2026-05-26,823785,0,St. Louis Cardinals,Milwaukee Brewers,6,Milwaukee Brewers,St. Louis Cardinals,6,0
2026-05-26,822898,7,Houston Astros,Texas Rangers,10,Texas Rangers,Houston Astros,10,7
2026-05-26,825004,4,Seattle Mariners,Athletics,1,Seattle Mariners,Athletics,4,1
2026-05-26,823294,4,Philadelphia Phillies,San Diego Padres,3,Philadelphia Phillies,San Diego Padres,4,3
2026-05-26,823216,7,Arizona Diamondbacks,San Francisco Giants,5,Arizona Diamondbacks,San Francisco Giants,7,5
2026-05-26,823949,6,Colorado Rockies,Los Angeles Dodgers,15,Los Angeles Dodgers,Colorado Rockies,15,6
2026-05-27,822809,1,Miami Marlins,Toronto Blue Jays,2,Toronto Blue Jays,Miami Marlins,2,1
2026-05-27,824432,2,Washington Nationals,Cleveland Guardians,3,Cleveland Guardians,Washington Nationals,3,2
2026-05-27,823783,1,St. Louis Cardinals,Milwaukee Brewers,2,Milwaukee Brewers,St. Louis Cardinals,2,1
2026-05-27,825003,9,Seattle Mariners,Athletics,1,Seattle Mariners,Athletics,9,1
2026-05-27,823217,3,Arizona Diamondbacks,San Francisco Giants,2,Arizona Diamondbacks,San Francisco Giants,3,2
2026-05-27,823295,3,Philadelphia Phillies,San Diego Padres,0,Philadelphia Phillies,San Diego Padres,3,0
2026-05-27,824836,2,Tampa Bay Rays,Baltimore Orioles,11,Baltimore Orioles,Tampa Bay Rays,11,2
2026-05-27,824270,0,Los Angeles Angels,Detroit Tigers,4,Detroit Tigers,Los Angeles Angels,4,0
2026-05-27,823376,10,Chicago Cubs,Pittsburgh Pirates,4,Chicago Cubs,Pittsburgh Pirates,10,4
2026-05-27,824756,0,Atlanta Braves,Boston Red Sox,8,Boston Red Sox,Atlanta Braves,8,0
2026-05-27,823626,2,Cincinnati Reds,New York Mets,4,New York Mets,Cincinnati Reds,4,2
2026-05-27,824596,2,Minnesota Twins,Chicago White Sox,15,Chicago White Sox,Minnesota Twins,15,2
2026-05-27,824104,7,New York Yankees,Kansas City Royals,0,New York Yankees,Kansas City Royals,7,0
2026-05-27,822897,4,Houston Astros,Texas Rangers,3,Houston Astros,Texas Rangers,4,3
2026-05-27,823947,1,Colorado Rockies,Los Angeles Dodgers,4,Los Angeles Dodgers,Colorado Rockies,4,1
2026-05-28,824272,7,Los Angeles Angels,Detroit Tigers,1,Los Angeles Angels,Detroit Tigers,7,1
2026-05-28,824595,2,Minnesota Twins,Chicago White Sox,6,Chicago White Sox,Minnesota Twins,6,2
2026-05-28,824757,10,Atlanta Braves,Boston Red Sox,2,Atlanta Braves,Boston Red Sox,10,2
2026-05-28,824834,2,Toronto Blue Jays,Baltimore Orioles,1,Toronto Blue Jays,Baltimore Orioles,2,1
2026-05-28,823378,7,Chicago Cubs,Pittsburgh Pirates,2,Chicago Cubs,Pittsburgh Pirates,7,2
2026-05-28,822896,5,Houston Astros,Texas Rangers,1,Houston Astros,Texas Rangers,5,1
2026-05-29,824515,8,Atlanta Braves,Cincinnati Reds,3,Atlanta Braves,Cincinnati Reds,8,3
2026-05-29,822732,7,San Diego Padres,Washington Nationals,5,San Diego Padres,Washington Nationals,7,5
2026-05-29,823377,5,Minnesota Twins,Pittsburgh Pirates,6,Pittsburgh Pirates,Minnesota Twins,6,5
2026-05-29,824835,6,Toronto Blue Jays,Baltimore Orioles,5,Toronto Blue Jays,Baltimore Orioles,6,5
2026-05-29,824433,3,Boston Red Sox,Cleveland Guardians,4,Cleveland Guardians,Boston Red Sox,4,3
2026-05-29,822978,5,Los Angeles Angels,Tampa Bay Rays,8,Tampa Bay Rays,Los Angeles Angels,8,5
2026-05-29,823623,7,Miami Marlins,New York Mets,9,New York Mets,Miami Marlins,9,7
2026-05-29,823055,5,Chicago Cubs,St. Louis Cardinals,6,St. Louis Cardinals,Chicago Cubs,6,5
2026-05-29,824594,3,Detroit Tigers,Chicago White Sox,4,Chicago White Sox,Detroit Tigers,4,3
2026-05-29,822894,1,Kansas City Royals,Texas Rangers,9,Texas Rangers,Kansas City Royals,9,1
2026-05-29,824191,5,Milwaukee Brewers,Houston Astros,4,Milwaukee Brewers,Houston Astros,5,4
2026-05-29,824353,6,San Francisco Giants,Colorado Rockies,8,Colorado Rockies,San Francisco Giants,8,6
2026-05-29,825002,8,New York Yankees,Athletics,2,New York Yankees,Athletics,8,2
2026-05-29,823135,6,Arizona Diamondbacks,Seattle Mariners,7,Seattle Mariners,Arizona Diamondbacks,7,6
2026-05-29,823946,2,Philadelphia Phillies,Los Angeles Dodgers,4,Los Angeles Dodgers,Philadelphia Phillies,4,2
2026-05-30,824593,1,Detroit Tigers,Chicago White Sox,7,Chicago White Sox,Detroit Tigers,7,1
2026-05-30,822731,4,San Diego Padres,Washington Nationals,9,Washington Nationals,San Diego Padres,9,4
2026-05-30,822893,6,Kansas City Royals,Texas Rangers,7,Texas Rangers,Kansas City Royals,7,6
2026-05-30,824833,5,Toronto Blue Jays,Baltimore Orioles,6,Baltimore Orioles,Toronto Blue Jays,6,5
2026-05-30,823375,9,Minnesota Twins,Pittsburgh Pirates,10,Pittsburgh Pirates,Minnesota Twins,10,9
2026-05-30,824431,9,Boston Red Sox,Cleveland Guardians,1,Boston Red Sox,Cleveland Guardians,9,1
2026-05-30,822975,14,Los Angeles Angels,Tampa Bay Rays,3,Los Angeles Angels,Tampa Bay Rays,14,3
2026-05-30,823622,1,Miami Marlins,New York Mets,6,New York Mets,Miami Marlins,6,1
2026-05-30,824190,2,Milwaukee Brewers,Houston Astros,9,Houston Astros,Milwaukee Brewers,9,2
2026-05-30,823054,6,Chicago Cubs,St. Louis Cardinals,1,Chicago Cubs,St. Louis Cardinals,6,1
2026-05-30,824513,5,Atlanta Braves,Cincinnati Reds,2,Atlanta Braves,Cincinnati Reds,5,2
2026-05-30,824352,3,San Francisco Giants,Colorado Rockies,8,Colorado Rockies,San Francisco Giants,8,3
2026-05-30,825000,4,New York Yankees,Athletics,6,Athletics,New York Yankees,6,4
2026-05-30,823132,1,Arizona Diamondbacks,Seattle Mariners,5,Seattle Mariners,Arizona Diamondbacks,5,1
2026-05-30,823945,4,Philadelphia Phillies,Los Angeles Dodgers,3,Philadelphia Phillies,Los Angeles Dodgers,4,3
2026-05-31,824832,5,Toronto Blue Jays,Baltimore Orioles,9,Baltimore Orioles,Toronto Blue Jays,9,5
2026-05-31,822729,2,San Diego Padres,Washington Nationals,4,Washington Nationals,San Diego Padres,4,2
2026-05-31,823373,3,Minnesota Twins,Pittsburgh Pirates,9,Pittsburgh Pirates,Minnesota Twins,9,3
2026-05-31,824430,9,Boston Red Sox,Cleveland Guardians,4,Boston Red Sox,Cleveland Guardians,9,4
2026-05-31,822976,2,Los Angeles Angels,Tampa Bay Rays,5,Tampa Bay Rays,Los Angeles Angels,5,2
2026-05-31,824512,4,Atlanta Braves,Cincinnati Reds,6,Cincinnati Reds,Atlanta Braves,6,4
2026-05-31,823621,1,Miami Marlins,New York Mets,10,New York Mets,Miami Marlins,10,1
2026-05-31,824592,1,Detroit Tigers,Chicago White Sox,2,Chicago White Sox,Detroit Tigers,2,1
2026-05-31,824187,2,Milwaukee Brewers,Houston Astros,0,Milwaukee Brewers,Houston Astros,2,0
2026-05-31,822895,3,Kansas City Royals,Texas Rangers,6,Texas Rangers,Kansas City Royals,6,3
2026-05-31,824354,19,San Francisco Giants,Colorado Rockies,6,San Francisco Giants,Colorado Rockies,19,6
2026-05-31,825001,13,New York Yankees,Athletics,8,New York Yankees,Athletics,13,8
2026-05-31,823133,2,Arizona Diamondbacks,Seattle Mariners,3,Seattle Mariners,Arizona Diamondbacks,3,2
2026-05-31,823944,1,Philadelphia Phillies,Los Angeles Dodgers,9,Los Angeles Dodgers,Philadelphia Phillies,9,1
2026-05-31,823053,1,Chicago Cubs,St. Louis Cardinals,5,St. Louis Cardinals,Chicago Cubs,5,1
2026-06-01,822974,10,Detroit Tigers,Tampa Bay Rays,9,Detroit Tigers,Tampa Bay Rays,10,9
2026-06-01,822730,7,Miami Marlins,Washington Nationals,3,Miami Marlins,Washington Nationals,7,3
2026-06-01,824510,9,Kansas City Royals,Cincinnati Reds,2,Kansas City Royals,Cincinnati Reds,9,2
2026-06-01,823702,6,Chicago White Sox,Minnesota Twins,9,Minnesota Twins,Chicago White Sox,9,6
2026-06-01,823781,2,San Francisco Giants,Milwaukee Brewers,16,Milwaukee Brewers,San Francisco Giants,16,2
2026-06-01,823050,2,Texas Rangers,St. Louis Cardinals,1,Texas Rangers,St. Louis Cardinals,2,1
2026-06-01,824027,9,Colorado Rockies,Los Angeles Angels,8,Colorado Rockies,Los Angeles Angels,9,8
2026-06-01,825078,1,Los Angeles Dodgers,Arizona Diamondbacks,4,Arizona Diamondbacks,Los Angeles Dodgers,4,1
2026-06-01,823131,2,New York Mets,Seattle Mariners,3,Seattle Mariners,New York Mets,3,2
2026-06-02,822971,8,Detroit Tigers,Tampa Bay Rays,0,Detroit Tigers,Tampa Bay Rays,8,0
2026-06-02,823460,2,San Diego Padres,Philadelphia Phillies,3,Philadelphia Phillies,San Diego Padres,3,2
2026-06-02,824754,4,Baltimore Orioles,Boston Red Sox,2,Baltimore Orioles,Boston Red Sox,4,2
2026-06-02,822728,7,Miami Marlins,Washington Nationals,3,Miami Marlins,Washington Nationals,7,3
2026-06-02,823541,9,Cleveland Guardians,New York Yankees,4,Cleveland Guardians,New York Yankees,9,4
2026-06-02,824511,3,Kansas City Royals,Cincinnati Reds,4,Cincinnati Reds,Kansas City Royals,4,3
2026-06-02,824918,3,Toronto Blue Jays,Atlanta Braves,4,Atlanta Braves,Toronto Blue Jays,4,3
2026-06-02,823700,4,Chicago White Sox,Minnesota Twins,6,Minnesota Twins,Chicago White Sox,6,4
2026-06-02,823782,3,San Francisco Giants,Milwaukee Brewers,8,Milwaukee Brewers,San Francisco Giants,8,3
2026-06-02,823052,7,Texas Rangers,St. Louis Cardinals,4,Texas Rangers,St. Louis Cardinals,7,4
2026-06-02,824675,2,Athletics,Chicago Cubs,1,Athletics,Chicago Cubs,2,1
2026-06-02,824189,10,Pittsburgh Pirates,Houston Astros,6,Pittsburgh Pirates,Houston Astros,10,6
2026-06-02,824026,8,Colorado Rockies,Los Angeles Angels,2,Colorado Rockies,Los Angeles Angels,8,2
2026-06-02,825079,6,Los Angeles Dodgers,Arizona Diamondbacks,5,Los Angeles Dodgers,Arizona Diamondbacks,6,5
2026-06-02,823129,3,New York Mets,Seattle Mariners,8,Seattle Mariners,New York Mets,8,3
2026-06-03,822727,4,Miami Marlins,Washington Nationals,1,Miami Marlins,Washington Nationals,4,1
2026-06-03,822973,7,Detroit Tigers,Tampa Bay Rays,2,Detroit Tigers,Tampa Bay Rays,7,2
2026-06-03,823701,8,Chicago White Sox,Minnesota Twins,0,Chicago White Sox,Minnesota Twins,8,0
2026-06-03,823130,7,New York Mets,Seattle Mariners,1,New York Mets,Seattle Mariners,7,1
2026-06-03,823456,2,San Diego Padres,Philadelphia Phillies,3,Philadelphia Phillies,San Diego Padres,3,2
2026-06-03,824755,1,Baltimore Orioles,Boston Red Sox,8,Boston Red Sox,Baltimore Orioles,8,1
2026-06-03,823540,5,Cleveland Guardians,New York Yankees,4,Cleveland Guardians,New York Yankees,5,4
2026-06-03,824509,5,Kansas City Royals,Cincinnati Reds,2,Kansas City Royals,Cincinnati Reds,5,2
2026-06-03,824917,3,Toronto Blue Jays,Atlanta Braves,7,Atlanta Braves,Toronto Blue Jays,7,3
2026-06-03,823780,1,San Francisco Giants,Milwaukee Brewers,0,San Francisco Giants,Milwaukee Brewers,1,0
2026-06-03,823051,3,Texas Rangers,St. Louis Cardinals,5,St. Louis Cardinals,Texas Rangers,5,3
2026-06-03,824671,5,Athletics,Chicago Cubs,4,Athletics,Chicago Cubs,5,4
2026-06-03,824188,9,Pittsburgh Pirates,Houston Astros,11,Houston Astros,Pittsburgh Pirates,11,9
2026-06-03,824024,4,Colorado Rockies,Los Angeles Angels,11,Los Angeles Angels,Colorado Rockies,11,4
2026-06-03,825077,7,Los Angeles Dodgers,Arizona Diamondbacks,0,Los Angeles Dodgers,Arizona Diamondbacks,7,0
2026-06-04,823457,4,San Diego Padres,Philadelphia Phillies,6,Philadelphia Phillies,San Diego Padres,6,4
2026-06-04,824753,8,Baltimore Orioles,Boston Red Sox,2,Baltimore Orioles,Boston Red Sox,8,2
2026-06-04,823542,1,Cleveland Guardians,New York Yankees,2,New York Yankees,Cleveland Guardians,2,1
2026-06-04,823779,12,San Francisco Giants,Milwaukee Brewers,9,San Francisco Giants,Milwaukee Brewers,12,9
2026-06-04,824919,7,Toronto Blue Jays,Atlanta Braves,2,Toronto Blue Jays,Atlanta Braves,7,2
2026-06-04,823698,8,Kansas City Royals,Minnesota Twins,6,Kansas City Royals,Minnesota Twins,8,6
2026-06-04,824672,6,Athletics,Chicago Cubs,7,Chicago Cubs,Athletics,7,6
2026-06-04,824185,5,Pittsburgh Pirates,Houston Astros,1,Pittsburgh Pirates,Houston Astros,5,1
2026-06-04,825076,2,Los Angeles Dodgers,Arizona Diamondbacks,3,Arizona Diamondbacks,Los Angeles Dodgers,3,2
2026-06-05,824673,18,San Francisco Giants,Chicago Cubs,3,San Francisco Giants,Chicago Cubs,18,3
2026-06-05,824271,3,Seattle Mariners,Detroit Tigers,7,Detroit Tigers,Seattle Mariners,7,3
2026-06-05,823455,6,Chicago White Sox,Philadelphia Phillies,8,Philadelphia Phillies,Chicago White Sox,8,6
2026-06-05,823538,5,Boston Red Sox,New York Yankees,3,Boston Red Sox,New York Yankees,5,3
2026-06-05,822810,13,Baltimore Orioles,Toronto Blue Jays,3,Baltimore Orioles,Toronto Blue Jays,13,3
2026-06-05,823860,6,Tampa Bay Rays,Miami Marlins,0,Tampa Bay Rays,Miami Marlins,6,0
2026-06-05,824914,3,Pittsburgh Pirates,Atlanta Braves,6,Atlanta Braves,Pittsburgh Pirates,6,3
2026-06-05,824186,1,Athletics,Houston Astros,5,Houston Astros,Athletics,5,1
2026-06-05,823049,3,Cincinnati Reds,St. Louis Cardinals,10,St. Louis Cardinals,Cincinnati Reds,10,3
2026-06-05,822892,2,Cleveland Guardians,Texas Rangers,3,Texas Rangers,Cleveland Guardians,3,2
2026-06-05,823699,3,Kansas City Royals,Minnesota Twins,5,Minnesota Twins,Kansas City Royals,5,3
2026-06-05,824350,9,Milwaukee Brewers,Colorado Rockies,7,Milwaukee Brewers,Colorado Rockies,9,7
2026-06-05,825073,14,Washington Nationals,Arizona Diamondbacks,1,Washington Nationals,Arizona Diamondbacks,14,1
2026-06-05,823293,5,New York Mets,San Diego Padres,0,New York Mets,San Diego Padres,5,0
2026-06-05,823943,0,Los Angeles Angels,Los Angeles Dodgers,1,Los Angeles Dodgers,Los Angeles Angels,1,0
2026-06-06,824269,4,Seattle Mariners,Detroit Tigers,0,Seattle Mariners,Detroit Tigers,4,0
2026-06-06,823697,3,Kansas City Royals,Minnesota Twins,2,Kansas City Royals,Minnesota Twins,3,2
2026-06-06,823048,5,Cincinnati Reds,St. Louis Cardinals,6,St. Louis Cardinals,Cincinnati Reds,6,5
2026-06-06,824669,2,San Francisco Giants,Chicago Cubs,3,Chicago Cubs,San Francisco Giants,3,2
2026-06-06,822808,4,Baltimore Orioles,Toronto Blue Jays,6,Toronto Blue Jays,Baltimore Orioles,6,4
2026-06-06,823454,6,Chicago White Sox,Philadelphia Phillies,3,Chicago White Sox,Philadelphia Phillies,6,3
2026-06-06,825075,6,Washington Nationals,Arizona Diamondbacks,1,Washington Nationals,Arizona Diamondbacks,6,1
2026-06-06,824184,2,Athletics,Houston Astros,13,Houston Astros,Athletics,13,2
2026-06-06,824915,3,Pittsburgh Pirates,Atlanta Braves,6,Atlanta Braves,Pittsburgh Pirates,6,3
2026-06-06,823859,3,Tampa Bay Rays,Miami Marlins,4,Miami Marlins,Tampa Bay Rays,4,3
2026-06-06,822891,6,Cleveland Guardians,Texas Rangers,0,Cleveland Guardians,Texas Rangers,6,0
2026-06-06,824351,7,Milwaukee Brewers,Colorado Rockies,1,Milwaukee Brewers,Colorado Rockies,7,1
2026-06-06,823942,2,Los Angeles Angels,Los Angeles Dodgers,9,Los Angeles Dodgers,Los Angeles Angels,9,2
2026-06-06,823292,2,New York Mets,San Diego Padres,3,San Diego Padres,New York Mets,3,2
2026-06-07,824916,2,Pittsburgh Pirates,Atlanta Braves,3,Atlanta Braves,Pittsburgh Pirates,3,2
2026-06-07,823453,5,Chicago White Sox,Philadelphia Phillies,9,Philadelphia Phillies,Chicago White Sox,9,5
2026-06-07,823537,1,Boston Red Sox,New York Yankees,6,New York Yankees,Boston Red Sox,6,1
2026-06-07,822807,4,Baltimore Orioles,Toronto Blue Jays,6,Toronto Blue Jays,Baltimore Orioles,6,4
2026-06-07,824268,4,Seattle Mariners,Detroit Tigers,5,Detroit Tigers,Seattle Mariners,5,4
2026-06-07,823857,1,Tampa Bay Rays,Miami Marlins,4,Miami Marlins,Tampa Bay Rays,4,1
2026-06-07,824183,5,Athletics,Houston Astros,0,Athletics,Houston Astros,5,0
2026-06-07,823696,6,Kansas City Royals,Minnesota Twins,5,Kansas City Royals,Minnesota Twins,6,5
2026-06-07,823047,3,Cincinnati Reds,St. Louis Cardinals,5,St. Louis Cardinals,Cincinnati Reds,5,3
2026-06-07,822890,0,Cleveland Guardians,Texas Rangers,10,Texas Rangers,Cleveland Guardians,10,0
2026-06-07,824349,12,Milwaukee Brewers,Colorado Rockies,4,Milwaukee Brewers,Colorado Rockies,12,4
2026-06-07,825074,1,Washington Nationals,Arizona Diamondbacks,5,Arizona Diamondbacks,Washington Nationals,5,1
2026-06-07,823941,13,Los Angeles Angels,Los Angeles Dodgers,5,Los Angeles Angels,Los Angeles Dodgers,13,5
2026-06-07,823291,7,New York Mets,San Diego Padres,3,New York Mets,San Diego Padres,7,3
2026-06-07,824670,2,San Francisco Giants,Chicago Cubs,1,San Francisco Giants,Chicago Cubs,2,1
2026-06-08,824829,6,Seattle Mariners,Baltimore Orioles,3,Seattle Mariners,Baltimore Orioles,6,3
2026-06-08,822972,1,Boston Red Sox,Tampa Bay Rays,3,Tampa Bay Rays,Boston Red Sox,3,1
2026-06-08,824427,7,New York Yankees,Cleveland Guardians,5,New York Yankees,Cleveland Guardians,7,5
2026-06-08,822806,5,Philadelphia Phillies,Toronto Blue Jays,2,Philadelphia Phillies,Toronto Blue Jays,5,2
2026-06-08,824025,5,Houston Astros,Los Angeles Angels,4,Houston Astros,Los Angeles Angels,5,4
2026-06-08,823289,2,Cincinnati Reds,San Diego Padres,6,San Diego Padres,Cincinnati Reds,6,2
2026-06-08,823218,4,Washington Nationals,San Francisco Giants,3,Washington Nationals,San Francisco Giants,4,3
2026-06-08,824998,15,Milwaukee Brewers,Athletics,14,Milwaukee Brewers,Athletics,15,14
2026-06-09,824830,6,Seattle Mariners,Baltimore Orioles,5,Seattle Mariners,Baltimore Orioles,6,5
2026-06-09,823374,12,Los Angeles Dodgers,Pittsburgh Pirates,3,Los Angeles Dodgers,Pittsburgh Pirates,12,3
2026-06-09,822969,3,Boston Red Sox,Tampa Bay Rays,4,Tampa Bay Rays,Boston Red Sox,4,3
2026-06-09,824267,4,Minnesota Twins,Detroit Tigers,10,Detroit Tigers,Minnesota Twins,10,4
2026-06-09,823858,6,Arizona Diamondbacks,Miami Marlins,10,Miami Marlins,Arizona Diamondbacks,10,6
2026-06-09,824429,3,New York Yankees,Cleveland Guardians,2,New York Yankees,Cleveland Guardians,3,2
2026-06-09,822805,2,Philadelphia Phillies,Toronto Blue Jays,3,Toronto Blue Jays,Philadelphia Phillies,3,2
2026-06-09,823620,7,St. Louis Cardinals,New York Mets,0,St. Louis Cardinals,New York Mets,7,0
2026-06-09,824105,3,Texas Rangers,Kansas City Royals,5,Kansas City Royals,Texas Rangers,5,3
2026-06-09,824591,5,Atlanta Braves,Chicago White Sox,6,Chicago White Sox,Atlanta Braves,6,5
2026-06-09,824347,3,Chicago Cubs,Colorado Rockies,7,Colorado Rockies,Chicago Cubs,7,3
2026-06-09,824023,1,Houston Astros,Los Angeles Angels,10,Los Angeles Angels,Houston Astros,10,1
2026-06-09,823290,5,Cincinnati Reds,San Diego Padres,3,Cincinnati Reds,San Diego Padres,5,3
2026-06-09,823214,6,Washington Nationals,San Francisco Giants,3,Washington Nationals,San Francisco Giants,6,3
2026-06-09,824999,5,Milwaukee Brewers,Athletics,7,Athletics,Milwaukee Brewers,7,5
2026-06-10,822970,5,Boston Red Sox,Tampa Bay Rays,7,Tampa Bay Rays,Boston Red Sox,7,5
2026-06-10,824428,8,New York Yankees,Cleveland Guardians,4,New York Yankees,Cleveland Guardians,8,4
2026-06-10,823215,10,Washington Nationals,San Francisco Giants,11,San Francisco Giants,Washington Nationals,11,10
2026-06-10,823287,4,Cincinnati Reds,San Diego Padres,5,San Diego Padres,Cincinnati Reds,5,4
2026-06-10,824831,2,Seattle Mariners,Baltimore Orioles,7,Baltimore Orioles,Seattle Mariners,7,2
2026-06-10,823372,8,Los Angeles Dodgers,Pittsburgh Pirates,9,Pittsburgh Pirates,Los Angeles Dodgers,9,8
2026-06-10,824266,6,Minnesota Twins,Detroit Tigers,4,Minnesota Twins,Detroit Tigers,6,4
2026-06-10,823856,0,Arizona Diamondbacks,Miami Marlins,8,Miami Marlins,Arizona Diamondbacks,8,0
2026-06-10,822804,7,Philadelphia Phillies,Toronto Blue Jays,4,Philadelphia Phillies,Toronto Blue Jays,7,4
2026-06-10,823618,9,St. Louis Cardinals,New York Mets,2,St. Louis Cardinals,New York Mets,9,2
2026-06-10,824103,6,Texas Rangers,Kansas City Royals,4,Texas Rangers,Kansas City Royals,6,4
2026-06-10,824590,1,Atlanta Braves,Chicago White Sox,2,Chicago White Sox,Atlanta Braves,2,1
2026-06-10,824348,2,Chicago Cubs,Colorado Rockies,3,Colorado Rockies,Chicago Cubs,3,2
2026-06-10,824996,3,Milwaukee Brewers,Athletics,4,Athletics,Milwaukee Brewers,4,3
2026-06-10,824022,2,Houston Astros,Los Angeles Angels,3,Los Angeles Angels,Houston Astros,3,2
2026-06-11,823619,4,St. Louis Cardinals,New York Mets,5,New York Mets,St. Louis Cardinals,5,4
2026-06-11,824265,0,Minnesota Twins,Detroit Tigers,11,Detroit Tigers,Minnesota Twins,11,0
2026-06-11,823855,0,Arizona Diamondbacks,Miami Marlins,2,Miami Marlins,Arizona Diamondbacks,2,0
2026-06-11,824101,4,Texas Rangers,Kansas City Royals,2,Texas Rangers,Kansas City Royals,4,2
2026-06-11,824346,9,Chicago Cubs,Colorado Rockies,3,Chicago Cubs,Colorado Rockies,9,3
2026-06-11,823371,8,Los Angeles Dodgers,Pittsburgh Pirates,6,Los Angeles Dodgers,Pittsburgh Pirates,8,6
2026-06-11,824827,5,Seattle Mariners,Baltimore Orioles,7,Baltimore Orioles,Seattle Mariners,7,5
2026-06-12,823370,8,Miami Marlins,Pittsburgh Pirates,3,Miami Marlins,Pittsburgh Pirates,8,3
2026-06-12,822726,10,Seattle Mariners,Washington Nationals,2,Seattle Mariners,Washington Nationals,10,2
2026-06-12,824826,3,San Diego Padres,Baltimore Orioles,7,Baltimore Orioles,San Diego Padres,7,3
2026-06-12,824425,2,Detroit Tigers,Cleveland Guardians,3,Cleveland Guardians,Detroit Tigers,3,2
2026-06-12,824752,1,Texas Rangers,Boston Red Sox,10,Boston Red Sox,Texas Rangers,10,1
2026-06-12,824507,5,Arizona Diamondbacks,Cincinnati Reds,2,Arizona Diamondbacks,Cincinnati Reds,5,2
2026-06-12,823617,5,Atlanta Braves,New York Mets,7,New York Mets,Atlanta Braves,7,5
2026-06-12,822803,5,New York Yankees,Toronto Blue Jays,8,Toronto Blue Jays,New York Yankees,8,5
2026-06-12,824588,2,Los Angeles Dodgers,Chicago White Sox,8,Chicago White Sox,Los Angeles Dodgers,8,2
2026-06-12,823778,0,Philadelphia Phillies,Milwaukee Brewers,6,Milwaukee Brewers,Philadelphia Phillies,6,0
2026-06-12,824102,10,Houston Astros,Kansas City Royals,8,Houston Astros,Kansas City Royals,10,8
2026-06-12,823695,8,St. Louis Cardinals,Minnesota Twins,9,Minnesota Twins,St. Louis Cardinals,9,8
2026-06-12,824020,3,Tampa Bay Rays,Los Angeles Angels,4,Los Angeles Angels,Tampa Bay Rays,4,3
2026-06-12,824997,4,Colorado Rockies,Athletics,6,Athletics,Colorado Rockies,6,4
2026-06-12,823211,5,Chicago Cubs,San Francisco Giants,1,Chicago Cubs,San Francisco Giants,5,1
2026-06-13,823694,9,St. Louis Cardinals,Minnesota Twins,6,St. Louis Cardinals,Minnesota Twins,9,6
2026-06-13,822802,3,New York Yankees,Toronto Blue Jays,1,New York Yankees,Toronto Blue Jays,3,1
2026-06-13,824828,9,San Diego Padres,Baltimore Orioles,3,San Diego Padres,Baltimore Orioles,9,3
2026-06-13,822725,3,Seattle Mariners,Washington Nationals,8,Washington Nationals,Seattle Mariners,8,3
2026-06-13,823369,2,Miami Marlins,Pittsburgh Pirates,3,Pittsburgh Pirates,Miami Marlins,3,2
2026-06-13,824508,1,Arizona Diamondbacks,Cincinnati Reds,2,Cincinnati Reds,Arizona Diamondbacks,2,1
2026-06-13,824426,1,Detroit Tigers,Cleveland Guardians,3,Cleveland Guardians,Detroit Tigers,3,1
2026-06-13,824749,3,Texas Rangers,Boston Red Sox,6,Boston Red Sox,Texas Rangers,6,3
2026-06-13,823616,3,Atlanta Braves,New York Mets,1,Atlanta Braves,New York Mets,3,1
2026-06-13,824587,7,Los Angeles Dodgers,Chicago White Sox,1,Los Angeles Dodgers,Chicago White Sox,7,1
2026-06-13,824100,8,Houston Astros,Kansas City Royals,7,Houston Astros,Kansas City Royals,8,7
2026-06-13,823776,9,Philadelphia Phillies,Milwaukee Brewers,8,Philadelphia Phillies,Milwaukee Brewers,9,8
2026-06-13,824995,5,Colorado Rockies,Athletics,7,Athletics,Colorado Rockies,7,5
2026-06-13,823213,6,Chicago Cubs,San Francisco Giants,1,Chicago Cubs,San Francisco Giants,6,1
2026-06-13,824019,0,Tampa Bay Rays,Los Angeles Angels,8,Los Angeles Angels,Tampa Bay Rays,8,0
2026-06-14,823368,4,Miami Marlins,Pittsburgh Pirates,2,Miami Marlins,Pittsburgh Pirates,4,2
2026-06-14,824823,5,San Diego Padres,Baltimore Orioles,2,San Diego Padres,Baltimore Orioles,5,2
2026-06-14,822722,1,Seattle Mariners,Washington Nationals,10,Washington Nationals,Seattle Mariners,10,1
2026-06-14,822801,8,New York Yankees,Toronto Blue Jays,3,New York Yankees,Toronto Blue Jays,8,3
2026-06-14,824506,5,Arizona Diamondbacks,Cincinnati Reds,3,Arizona Diamondbacks,Cincinnati Reds,5,3
2026-06-14,823615,1,Atlanta Braves,New York Mets,8,New York Mets,Atlanta Braves,8,1
2026-06-14,824099,0,Houston Astros,Kansas City Royals,4,Kansas City Royals,Houston Astros,4,0
2026-06-14,823693,4,St. Louis Cardinals,Minnesota Twins,5,Minnesota Twins,St. Louis Cardinals,5,4
2026-06-14,824586,4,Los Angeles Dodgers,Chicago White Sox,6,Chicago White Sox,Los Angeles Dodgers,6,4
2026-06-14,823777,0,Philadelphia Phillies,Milwaukee Brewers,4,Milwaukee Brewers,Philadelphia Phillies,4,0
2026-06-14,824994,23,Colorado Rockies,Athletics,9,Colorado Rockies,Athletics,23,9
2026-06-14,823212,1,Chicago Cubs,San Francisco Giants,5,San Francisco Giants,Chicago Cubs,5,1
2026-06-14,824021,8,Tampa Bay Rays,Los Angeles Angels,3,Tampa Bay Rays,Los Angeles Angels,8,3
2026-06-14,824751,6,Texas Rangers,Boston Red Sox,4,Texas Rangers,Boston Red Sox,6,4
2026-06-15,823452,0,Miami Marlins,Philadelphia Phillies,7,Philadelphia Phillies,Miami Marlins,7,0
2026-06-15,822724,3,Kansas City Royals,Washington Nationals,7,Washington Nationals,Kansas City Royals,7,3
2026-06-15,824505,0,New York Mets,Cincinnati Reds,12,Cincinnati Reds,New York Mets,12,0
2026-06-15,823046,0,San Diego Padres,St. Louis Cardinals,3,St. Louis Cardinals,San Diego Padres,3,0
2026-06-15,824666,4,Colorado Rockies,Chicago Cubs,5,Chicago Cubs,Colorado Rockies,5,4
2026-06-15,822887,4,Minnesota Twins,Texas Rangers,2,Minnesota Twins,Texas Rangers,4,2
2026-06-15,824181,9,Detroit Tigers,Houston Astros,3,Detroit Tigers,Houston Astros,9,3
2026-06-15,825071,3,Los Angeles Angels,Arizona Diamondbacks,4,Arizona Diamondbacks,Los Angeles Angels,4,3
2026-06-15,824993,2,Pittsburgh Pirates,Athletics,11,Athletics,Pittsburgh Pirates,11,2
2026-06-15,823938,3,Tampa Bay Rays,Los Angeles Dodgers,4,Los Angeles Dodgers,Tampa Bay Rays,4,3
2026-06-16,823451,2,Miami Marlins,Philadelphia Phillies,8,Philadelphia Phillies,Miami Marlins,8,2
2026-06-16,822723,4,Kansas City Royals,Washington Nationals,6,Washington Nationals,Kansas City Royals,6,4
2026-06-16,824750,6,Toronto Blue Jays,Boston Red Sox,1,Toronto Blue Jays,Boston Red Sox,6,1
2026-06-16,823535,2,Chicago White Sox,New York Yankees,12,New York Yankees,Chicago White Sox,12,2
2026-06-16,824504,3,New York Mets,Cincinnati Reds,5,Cincinnati Reds,New York Mets,5,3
2026-06-16,824912,7,San Francisco Giants,Atlanta Braves,2,San Francisco Giants,Atlanta Braves,7,2
2026-06-16,823775,1,Cleveland Guardians,Milwaukee Brewers,2,Milwaukee Brewers,Cleveland Guardians,2,1
2026-06-16,823045,2,San Diego Padres,St. Louis Cardinals,3,St. Louis Cardinals,San Diego Padres,3,2
2026-06-16,824667,5,Colorado Rockies,Chicago Cubs,2,Colorado Rockies,Chicago Cubs,5,2
2026-06-16,822888,12,Minnesota Twins,Texas Rangers,2,Minnesota Twins,Texas Rangers,12,2
2026-06-16,824182,2,Detroit Tigers,Houston Astros,4,Houston Astros,Detroit Tigers,4,2
2026-06-16,825070,7,Los Angeles Angels,Arizona Diamondbacks,0,Los Angeles Angels,Arizona Diamondbacks,7,0
2026-06-16,824991,6,Pittsburgh Pirates,Athletics,5,Pittsburgh Pirates,Athletics,6,5
2026-06-16,823128,1,Baltimore Orioles,Seattle Mariners,3,Seattle Mariners,Baltimore Orioles,3,1
2026-06-16,823939,0,Tampa Bay Rays,Los Angeles Dodgers,1,Los Angeles Dodgers,Tampa Bay Rays,1,0
2026-06-17,824503,9,New York Mets,Cincinnati Reds,1,New York Mets,Cincinnati Reds,9,1
2026-06-17,822721,6,Kansas City Royals,Washington Nationals,2,Kansas City Royals,Washington Nationals,6,2
2026-06-17,823450,12,Miami Marlins,Philadelphia Phillies,4,Miami Marlins,Philadelphia Phillies,12,4
2026-06-17,824912,7,San Francisco Giants,Atlanta Braves,2,San Francisco Giants,Atlanta Braves,7,2
2026-06-17,824178,2,Detroit Tigers,Houston Astros,4,Houston Astros,Detroit Tigers,4,2
2026-06-17,823044,6,San Diego Padres,St. Louis Cardinals,1,San Diego Padres,St. Louis Cardinals,6,1
2026-06-17,823940,4,Tampa Bay Rays,Los Angeles Dodgers,5,Los Angeles Dodgers,Tampa Bay Rays,5,4
2026-06-17,825072,1,Los Angeles Angels,Arizona Diamondbacks,8,Arizona Diamondbacks,Los Angeles Angels,8,1
2026-06-17,824746,3,Toronto Blue Jays,Boston Red Sox,0,Toronto Blue Jays,Boston Red Sox,3,0
2026-06-17,823536,5,Chicago White Sox,New York Yankees,10,New York Yankees,Chicago White Sox,10,5
2026-06-17,824913,7,San Francisco Giants,Atlanta Braves,5,San Francisco Giants,Atlanta Braves,7,5
2026-06-17,823774,4,Cleveland Guardians,Milwaukee Brewers,9,Milwaukee Brewers,Cleveland Guardians,9,4
2026-06-17,824668,6,Colorado Rockies,Chicago Cubs,8,Chicago Cubs,Colorado Rockies,8,6
2026-06-17,824992,12,Pittsburgh Pirates,Athletics,4,Pittsburgh Pirates,Athletics,12,4
2026-06-17,823127,5,Baltimore Orioles,Seattle Mariners,3,Baltimore Orioles,Seattle Mariners,5,3
2026-06-18,824748,4,Toronto Blue Jays,Boston Red Sox,3,Toronto Blue Jays,Boston Red Sox,4,3
2026-06-18,823772,4,Cleveland Guardians,Milwaukee Brewers,2,Cleveland Guardians,Milwaukee Brewers,4,2
2026-06-18,822889,9,Minnesota Twins,Texas Rangers,3,Minnesota Twins,Texas Rangers,9,3
2026-06-18,823125,0,Baltimore Orioles,Seattle Mariners,3,Seattle Mariners,Baltimore Orioles,3,0
2026-06-18,823448,6,New York Mets,Philadelphia Phillies,4,New York Mets,Philadelphia Phillies,6,4
2026-06-18,823533,5,Chicago White Sox,New York Yankees,1,Chicago White Sox,New York Yankees,5,1
2026-06-18,824098,6,St. Louis Cardinals,Kansas City Royals,14,Kansas City Royals,St. Louis Cardinals,14,6
2026-06-18,824989,0,Los Angeles Angels,Athletics,5,Athletics,Los Angeles Angels,5,0
2026-06-19,824663,2,Toronto Blue Jays,Chicago Cubs,16,Chicago Cubs,Toronto Blue Jays,16,2
2026-06-19,824264,3,Chicago White Sox,Detroit Tigers,4,Detroit Tigers,Chicago White Sox,4,3
2026-06-19,823534,0,Cincinnati Reds,New York Yankees,5,New York Yankees,Cincinnati Reds,5,0
2026-06-19,822966,2,Washington Nationals,Tampa Bay Rays,5,Tampa Bay Rays,Washington Nationals,5,2
2026-06-19,823853,3,San Francisco Giants,Miami Marlins,4,Miami Marlins,San Francisco Giants,4,3
2026-06-19,824910,2,Milwaukee Brewers,Atlanta Braves,3,Atlanta Braves,Milwaukee Brewers,3,2
2026-06-19,822886,7,San Diego Padres,Texas Rangers,9,Texas Rangers,San Diego Padres,9,7
2026-06-19,824179,3,Cleveland Guardians,Houston Astros,9,Houston Astros,Cleveland Guardians,9,3
2026-06-19,824097,5,St. Louis Cardinals,Kansas City Royals,6,Kansas City Royals,St. Louis Cardinals,6,5
2026-06-19,824345,3,Pittsburgh Pirates,Colorado Rockies,4,Colorado Rockies,Pittsburgh Pirates,4,3
2026-06-19,824990,11,Los Angeles Angels,Athletics,12,Athletics,Los Angeles Angels,12,11
2026-06-19,825069,5,Minnesota Twins,Arizona Diamondbacks,9,Arizona Diamondbacks,Minnesota Twins,9,5
2026-06-19,823936,5,Baltimore Orioles,Los Angeles Dodgers,6,Los Angeles Dodgers,Baltimore Orioles,6,5
2026-06-19,823124,6,Boston Red Sox,Seattle Mariners,2,Boston Red Sox,Seattle Mariners,6,2
2026-06-20,824263,1,Chicago White Sox,Detroit Tigers,4,Detroit Tigers,Chicago White Sox,4,1
2026-06-20,823532,10,Cincinnati Reds,New York Yankees,2,Cincinnati Reds,New York Yankees,10,2
2026-06-20,824665,8,Toronto Blue Jays,Chicago Cubs,6,Toronto Blue Jays,Chicago Cubs,8,6
2026-06-20,822885,6,San Diego Padres,Texas Rangers,4,San Diego Padres,Texas Rangers,6,4
2026-06-20,822967,4,Washington Nationals,Tampa Bay Rays,3,Washington Nationals,Tampa Bay Rays,4,3
2026-06-20,823854,3,San Francisco Giants,Miami Marlins,6,Miami Marlins,San Francisco Giants,6,3
2026-06-20,824909,3,Milwaukee Brewers,Atlanta Braves,4,Atlanta Braves,Milwaukee Brewers,4,3
2026-06-20,824180,8,Cleveland Guardians,Houston Astros,1,Cleveland Guardians,Houston Astros,8,1
2026-06-20,823447,3,New York Mets,Philadelphia Phillies,15,Philadelphia Phillies,New York Mets,15,3
2026-06-20,824342,1,Pittsburgh Pirates,Colorado Rockies,2,Colorado Rockies,Pittsburgh Pirates,2,1
2026-06-20,824988,7,Los Angeles Angels,Athletics,0,Los Angeles Angels,Athletics,7,0
2026-06-20,823937,3,Baltimore Orioles,Los Angeles Dodgers,2,Baltimore Orioles,Los Angeles Dodgers,3,2
2026-06-20,823126,5,Boston Red Sox,Seattle Mariners,1,Boston Red Sox,Seattle Mariners,5,1
2026-06-20,825068,16,Minnesota Twins,Arizona Diamondbacks,8,Minnesota Twins,Arizona Diamondbacks,16,8
2026-06-21,823531,4,Cincinnati Reds,New York Yankees,1,Cincinnati Reds,New York Yankees,4,1
2026-06-21,824908,9,Milwaukee Brewers,Atlanta Braves,4,Milwaukee Brewers,Atlanta Braves,9,4
2026-06-21,822968,3,Washington Nationals,Tampa Bay Rays,4,Tampa Bay Rays,Washington Nationals,4,3
2026-06-21,824260,4,Chicago White Sox,Detroit Tigers,5,Detroit Tigers,Chicago White Sox,5,4
2026-06-21,823852,1,San Francisco Giants,Miami Marlins,2,Miami Marlins,San Francisco Giants,2,1
2026-06-21,824177,1,Cleveland Guardians,Houston Astros,2,Houston Astros,Cleveland Guardians,2,1
2026-06-21,824095,12,St. Louis Cardinals,Kansas City Royals,10,St. Louis Cardinals,Kansas City Royals,12,10
2026-06-21,822883,3,San Diego Padres,Texas Rangers,4,Texas Rangers,San Diego Padres,4,3
2026-06-21,824343,8,Pittsburgh Pirates,Colorado Rockies,6,Pittsburgh Pirates,Colorado Rockies,8,6
2026-06-21,825067,4,Minnesota Twins,Arizona Diamondbacks,2,Minnesota Twins,Arizona Diamondbacks,4,2
2026-06-21,824987,9,Los Angeles Angels,Athletics,7,Los Angeles Angels,Athletics,9,7
2026-06-21,823934,12,Baltimore Orioles,Los Angeles Dodgers,1,Baltimore Orioles,Los Angeles Dodgers,12,1
2026-06-21,823123,1,Boston Red Sox,Seattle Mariners,3,Seattle Mariners,Boston Red Sox,3,1
2026-06-21,823449,2,New York Mets,Philadelphia Phillies,6,Philadelphia Phillies,New York Mets,6,2
2026-06-22,824261,3,New York Yankees,Detroit Tigers,5,Detroit Tigers,New York Yankees,5,3
2026-06-22,822964,2,Kansas City Royals,Tampa Bay Rays,1,Kansas City Royals,Tampa Bay Rays,2,1
2026-06-22,823851,4,Texas Rangers,Miami Marlins,3,Texas Rangers,Miami Marlins,4,3
2026-06-22,822720,1,Philadelphia Phillies,Washington Nationals,4,Washington Nationals,Philadelphia Phillies,4,1
2026-06-22,822800,2,Houston Astros,Toronto Blue Jays,4,Toronto Blue Jays,Houston Astros,4,2
2026-06-22,824502,2,Milwaukee Brewers,Cincinnati Reds,1,Milwaukee Brewers,Cincinnati Reds,2,1
2026-06-22,823692,2,Los Angeles Dodgers,Minnesota Twins,1,Los Angeles Dodgers,Minnesota Twins,2,1
2026-06-22,824585,5,Cleveland Guardians,Chicago White Sox,6,Chicago White Sox,Cleveland Guardians,6,5
2026-06-22,823040,2,Arizona Diamondbacks,St. Louis Cardinals,3,St. Louis Cardinals,Arizona Diamondbacks,3,2
2026-06-22,824344,2,Boston Red Sox,Colorado Rockies,3,Colorado Rockies,Boston Red Sox,3,2
2026-06-22,824016,6,Baltimore Orioles,Los Angeles Angels,1,Baltimore Orioles,Los Angeles Angels,6,1
2026-06-22,823288,0,Atlanta Braves,San Diego Padres,1,San Diego Padres,Atlanta Braves,1,0
2026-06-23,822799,9,Houston Astros,Toronto Blue Jays,7,Houston Astros,Toronto Blue Jays,9,7
2026-06-23,823365,3,Seattle Mariners,Pittsburgh Pirates,2,Seattle Mariners,Pittsburgh Pirates,3,2
2026-06-23,822963,12,Kansas City Royals,Tampa Bay Rays,5,Kansas City Royals,Tampa Bay Rays,12,5
2026-06-23,823849,4,Texas Rangers,Miami Marlins,6,Miami Marlins,Texas Rangers,6,4
2026-06-23,824262,4,New York Yankees,Detroit Tigers,3,New York Yankees,Detroit Tigers,4,3
2026-06-23,822718,14,Philadelphia Phillies,Washington Nationals,9,Philadelphia Phillies,Washington Nationals,14,9
2026-06-23,823614,9,Chicago Cubs,New York Mets,6,Chicago Cubs,New York Mets,9,6
2026-06-23,824501,2,Milwaukee Brewers,Cincinnati Reds,0,Milwaukee Brewers,Cincinnati Reds,2,0
2026-06-23,823690,12,Los Angeles Dodgers,Minnesota Twins,3,Los Angeles Dodgers,Minnesota Twins,12,3
2026-06-23,824584,1,Cleveland Guardians,Chicago White Sox,2,Chicago White Sox,Cleveland Guardians,2,1
2026-06-23,823043,4,Arizona Diamondbacks,St. Louis Cardinals,3,Arizona Diamondbacks,St. Louis Cardinals,4,3
2026-06-23,824340,5,Boston Red Sox,Colorado Rockies,2,Boston Red Sox,Colorado Rockies,5,2
2026-06-23,824017,1,Baltimore Orioles,Los Angeles Angels,5,Los Angeles Angels,Baltimore Orioles,5,1
2026-06-23,823286,6,Atlanta Braves,San Diego Padres,7,San Diego Padres,Atlanta Braves,7,6
2026-06-23,823210,1,Athletics,San Francisco Giants,3,San Francisco Giants,Athletics,3,1
2026-06-24,823850,2,Texas Rangers,Miami Marlins,4,Miami Marlins,Texas Rangers,4,2
2026-06-24,823613,10,Chicago Cubs,New York Mets,3,Chicago Cubs,New York Mets,10,3
2026-06-24,823611,10,Chicago Cubs,New York Mets,5,Chicago Cubs,New York Mets,10,5
2026-06-24,824583,4,Cleveland Guardians,Chicago White Sox,3,Cleveland Guardians,Chicago White Sox,4,3
2026-06-24,824341,6,Boston Red Sox,Colorado Rockies,8,Colorado Rockies,Boston Red Sox,8,6
2026-06-24,824018,6,Baltimore Orioles,Los Angeles Angels,7,Los Angeles Angels,Baltimore Orioles,7,6
2026-06-24,823367,1,Seattle Mariners,Pittsburgh Pirates,11,Pittsburgh Pirates,Seattle Mariners,11,1
2026-06-24,822965,3,Kansas City Royals,Tampa Bay Rays,5,Tampa Bay Rays,Kansas City Royals,5,3
2026-06-24,824259,4,New York Yankees,Detroit Tigers,2,New York Yankees,Detroit Tigers,4,2
2026-06-24,822719,5,Philadelphia Phillies,Washington Nationals,4,Philadelphia Phillies,Washington Nationals,5,4
2026-06-24,822798,3,Houston Astros,Toronto Blue Jays,1,Houston Astros,Toronto Blue Jays,3,1
2026-06-24,824500,6,Milwaukee Brewers,Cincinnati Reds,5,Milwaukee Brewers,Cincinnati Reds,6,5
2026-06-24,823691,4,Los Angeles Dodgers,Minnesota Twins,3,Los Angeles Dodgers,Minnesota Twins,4,3
2026-06-24,823041,9,Arizona Diamondbacks,St. Louis Cardinals,4,Arizona Diamondbacks,St. Louis Cardinals,9,4
2026-06-24,823284,2,Atlanta Braves,San Diego Padres,5,San Diego Padres,Atlanta Braves,5,2
2026-06-24,823208,1,Athletics,San Francisco Giants,2,San Francisco Giants,Athletics,2,1
2026-06-25,822961,2,Kansas City Royals,Tampa Bay Rays,13,Tampa Bay Rays,Kansas City Royals,13,2
2026-06-25,823366,1,Seattle Mariners,Pittsburgh Pirates,5,Pittsburgh Pirates,Seattle Mariners,5,1
2026-06-25,823209,9,Athletics,San Francisco Giants,6,Athletics,San Francisco Giants,9,6
2026-06-25,824258,2,Houston Astros,Detroit Tigers,1,Houston Astros,Detroit Tigers,2,1
2026-06-25,822717,10,Philadelphia Phillies,Washington Nationals,5,Philadelphia Phillies,Washington Nationals,10,5
2026-06-25,822797,6,Texas Rangers,Toronto Blue Jays,5,Texas Rangers,Toronto Blue Jays,6,5
2026-06-25,823612,4,Chicago Cubs,New York Mets,3,Chicago Cubs,New York Mets,4,3
2026-06-25,824747,3,New York Yankees,Boston Red Sox,6,Boston Red Sox,New York Yankees,6,3
2026-06-26,824255,0,Houston Astros,Detroit Tigers,8,Detroit Tigers,Houston Astros,8,0
2026-06-26,823363,6,Cincinnati Reds,Pittsburgh Pirates,4,Cincinnati Reds,Pittsburgh Pirates,6,4
2026-06-26,824824,1,Washington Nationals,Baltimore Orioles,3,Baltimore Orioles,Washington Nationals,3,1
2026-06-26,822796,5,Texas Rangers,Toronto Blue Jays,4,Texas Rangers,Toronto Blue Jays,5,4
2026-06-26,824423,3,Seattle Mariners,Cleveland Guardians,1,Seattle Mariners,Cleveland Guardians,3,1
2026-06-26,822962,1,Arizona Diamondbacks,Tampa Bay Rays,6,Tampa Bay Rays,Arizona Diamondbacks,6,1
2026-06-26,823610,2,Philadelphia Phillies,New York Mets,1,Philadelphia Phillies,New York Mets,2,1
2026-06-26,824743,1,New York Yankees,Boston Red Sox,6,Boston Red Sox,New York Yankees,6,1
2026-06-26,824582,1,Kansas City Royals,Chicago White Sox,22,Chicago White Sox,Kansas City Royals,22,1
2026-06-26,823773,2,Chicago Cubs,Milwaukee Brewers,6,Milwaukee Brewers,Chicago Cubs,6,2
2026-06-26,823688,8,Colorado Rockies,Minnesota Twins,9,Minnesota Twins,Colorado Rockies,9,8
2026-06-26,823039,4,Miami Marlins,St. Louis Cardinals,0,Miami Marlins,St. Louis Cardinals,4,0
2026-06-26,824014,9,Athletics,Los Angeles Angels,3,Athletics,Los Angeles Angels,9,3
2026-06-26,823285,1,Los Angeles Dodgers,San Diego Padres,7,San Diego Padres,Los Angeles Dodgers,7,1
2026-06-26,823206,3,Atlanta Braves,San Francisco Giants,1,Atlanta Braves,San Francisco Giants,3,1
2026-06-27,824257,8,Houston Astros,Detroit Tigers,6,Houston Astros,Detroit Tigers,8,6
2026-06-27,824745,1,New York Yankees,Boston Red Sox,4,Boston Red Sox,New York Yankees,4,1
2026-06-27,822794,7,Texas Rangers,Toronto Blue Jays,4,Texas Rangers,Toronto Blue Jays,7,4
2026-06-27,823364,9,Cincinnati Reds,Pittsburgh Pirates,7,Cincinnati Reds,Pittsburgh Pirates,9,7
2026-06-27,823609,2,Philadelphia Phillies,New York Mets,6,New York Mets,Philadelphia Phillies,6,2
2026-06-27,824581,1,Kansas City Royals,Chicago White Sox,2,Chicago White Sox,Kansas City Royals,2,1
2026-06-27,822960,2,Arizona Diamondbacks,Tampa Bay Rays,4,Tampa Bay Rays,Arizona Diamondbacks,4,2
2026-06-27,824825,4,Washington Nationals,Baltimore Orioles,3,Washington Nationals,Baltimore Orioles,4,3
2026-06-27,824421,3,Seattle Mariners,Cleveland Guardians,4,Cleveland Guardians,Seattle Mariners,4,3
2026-06-27,823689,8,Colorado Rockies,Minnesota Twins,5,Colorado Rockies,Minnesota Twins,8,5
2026-06-27,823770,8,Chicago Cubs,Milwaukee Brewers,2,Chicago Cubs,Milwaukee Brewers,8,2
2026-06-27,823038,5,Miami Marlins,St. Louis Cardinals,1,Miami Marlins,St. Louis Cardinals,5,1
2026-06-27,823283,15,Los Angeles Dodgers,San Diego Padres,3,Los Angeles Dodgers,San Diego Padres,15,3
2026-06-27,823207,0,Atlanta Braves,San Francisco Giants,5,San Francisco Giants,Atlanta Braves,5,0
2026-06-27,824015,2,Athletics,Los Angeles Angels,5,Los Angeles Angels,Athletics,5,2
2026-06-28,824821,6,Washington Nationals,Baltimore Orioles,4,Washington Nationals,Baltimore Orioles,6,4
2026-06-28,823362,4,Cincinnati Reds,Pittsburgh Pirates,9,Pittsburgh Pirates,Cincinnati Reds,9,4
2026-06-28,822795,3,Texas Rangers,Toronto Blue Jays,2,Texas Rangers,Toronto Blue Jays,3,2
2026-06-28,824256,7,Houston Astros,Detroit Tigers,5,Houston Astros,Detroit Tigers,7,5
2026-06-28,824422,5,Seattle Mariners,Cleveland Guardians,6,Cleveland Guardians,Seattle Mariners,6,5
2026-06-28,822959,1,Arizona Diamondbacks,Tampa Bay Rays,5,Tampa Bay Rays,Arizona Diamondbacks,5,1
2026-06-28,823608,5,Philadelphia Phillies,New York Mets,4,Philadelphia Phillies,New York Mets,5,4
2026-06-28,823686,2,Colorado Rockies,Minnesota Twins,3,Minnesota Twins,Colorado Rockies,3,2
2026-06-28,824580,5,Kansas City Royals,Chicago White Sox,4,Kansas City Royals,Chicago White Sox,5,4
2026-06-28,823769,4,Chicago Cubs,Milwaukee Brewers,3,Chicago Cubs,Milwaukee Brewers,4,3
2026-06-28,823037,1,Miami Marlins,St. Louis Cardinals,2,St. Louis Cardinals,Miami Marlins,2,1
2026-06-28,824011,1,Athletics,Los Angeles Angels,4,Los Angeles Angels,Athletics,4,1
2026-06-28,823204,2,Atlanta Braves,San Francisco Giants,3,San Francisco Giants,Atlanta Braves,3,2
2026-06-28,823281,4,Los Angeles Dodgers,San Diego Padres,2,Los Angeles Dodgers,San Diego Padres,4,2
2026-06-28,824744,4,New York Yankees,Boston Red Sox,5,Boston Red Sox,New York Yankees,5,4
2026-06-29,824822,8,Chicago White Sox,Baltimore Orioles,2,Chicago White Sox,Baltimore Orioles,8,2
2026-06-29,823444,11,Pittsburgh Pirates,Philadelphia Phillies,7,Pittsburgh Pirates,Philadelphia Phillies,11,7
2026-06-29,823529,7,Detroit Tigers,New York Yankees,3,Detroit Tigers,New York Yankees,7,3
2026-06-29,822792,1,New York Mets,Toronto Blue Jays,2,Toronto Blue Jays,New York Mets,2,1
2026-06-29,824741,3,Washington Nationals,Boston Red Sox,6,Boston Red Sox,Washington Nationals,6,3
2026-06-29,824420,6,Texas Rangers,Cleveland Guardians,3,Texas Rangers,Cleveland Guardians,6,3
2026-06-29,823771,3,Cincinnati Reds,Milwaukee Brewers,5,Milwaukee Brewers,Cincinnati Reds,5,3
2026-06-29,824662,2,San Diego Padres,Chicago Cubs,3,Chicago Cubs,San Diego Padres,3,2
2026-06-29,824176,5,Minnesota Twins,Houston Astros,4,Minnesota Twins,Houston Astros,5,4
2026-06-29,824339,10,Miami Marlins,Colorado Rockies,7,Miami Marlins,Colorado Rockies,10,7
2026-06-29,824986,9,Los Angeles Dodgers,Athletics,4,Los Angeles Dodgers,Athletics,9,4
2026-06-29,823121,2,Los Angeles Angels,Seattle Mariners,6,Seattle Mariners,Los Angeles Angels,6,2
2026-06-29,825065,4,San Francisco Giants,Arizona Diamondbacks,5,Arizona Diamondbacks,San Francisco Giants,5,4
2026-06-30,824819,9,Chicago White Sox,Baltimore Orioles,3,Chicago White Sox,Baltimore Orioles,9,3
2026-06-30,824418,4,Texas Rangers,Cleveland Guardians,2,Texas Rangers,Cleveland Guardians,4,2
2026-06-30,823445,0,Pittsburgh Pirates,Philadelphia Phillies,8,Philadelphia Phillies,Pittsburgh Pirates,8,0
2026-06-30,823528,9,Detroit Tigers,New York Yankees,3,Detroit Tigers,New York Yankees,9,3
2026-06-30,822793,3,New York Mets,Toronto Blue Jays,0,New York Mets,Toronto Blue Jays,3,0
2026-06-30,824742,8,Washington Nationals,Boston Red Sox,1,Washington Nationals,Boston Red Sox,8,1
2026-06-30,824907,5,St. Louis Cardinals,Atlanta Braves,3,St. Louis Cardinals,Atlanta Braves,5,3
2026-06-30,824096,10,Tampa Bay Rays,Kansas City Royals,4,Tampa Bay Rays,Kansas City Royals,10,4
2026-06-30,823768,2,Cincinnati Reds,Milwaukee Brewers,7,Milwaukee Brewers,Cincinnati Reds,7,2
2026-06-30,824661,7,San Diego Padres,Chicago Cubs,9,Chicago Cubs,San Diego Padres,9,7
2026-06-30,824175,4,Minnesota Twins,Houston Astros,6,Houston Astros,Minnesota Twins,6,4
2026-06-30,824338,14,Miami Marlins,Colorado Rockies,3,Miami Marlins,Colorado Rockies,14,3
2026-06-30,824984,9,Los Angeles Dodgers,Athletics,3,Los Angeles Dodgers,Athletics,9,3
2026-06-30,823122,3,Los Angeles Angels,Seattle Mariners,8,Seattle Mariners,Los Angeles Angels,8,3
2026-06-30,825066,2,San Francisco Giants,Arizona Diamondbacks,8,Arizona Diamondbacks,San Francisco Giants,8,2
2026-07-01,824818,1,Chicago White Sox,Baltimore Orioles,6,Baltimore Orioles,Chicago White Sox,6,1
2026-07-01,824419,4,Texas Rangers,Cleveland Guardians,9,Cleveland Guardians,Texas Rangers,9,4
2026-07-01,824740,10,Washington Nationals,Boston Red Sox,2,Washington Nationals,Boston Red Sox,10,2
2026-07-01,823530,6,Detroit Tigers,New York Yankees,2,Detroit Tigers,New York Yankees,6,2
2026-07-01,824660,3,San Diego Padres,Chicago Cubs,23,Chicago Cubs,San Diego Padres,23,3
2026-07-01,822791,3,New York Mets,Toronto Blue Jays,9,Toronto Blue Jays,New York Mets,9,3
2026-07-01,823446,6,Pittsburgh Pirates,Philadelphia Phillies,10,Philadelphia Phillies,Pittsburgh Pirates,10,6
2026-07-01,824905,1,St. Louis Cardinals,Atlanta Braves,5,Atlanta Braves,St. Louis Cardinals,5,1
2026-07-01,824094,4,Tampa Bay Rays,Kansas City Royals,0,Tampa Bay Rays,Kansas City Royals,4,0
2026-07-01,824174,8,Minnesota Twins,Houston Astros,3,Minnesota Twins,Houston Astros,8,3
2026-07-01,823767,2,Cincinnati Reds,Milwaukee Brewers,4,Milwaukee Brewers,Cincinnati Reds,4,2
2026-07-01,824337,3,Miami Marlins,Colorado Rockies,6,Colorado Rockies,Miami Marlins,6,3
2026-07-01,824985,1,Los Angeles Dodgers,Athletics,7,Athletics,Los Angeles Dodgers,7,1
2026-07-01,825064,6,San Francisco Giants,Arizona Diamondbacks,4,San Francisco Giants,Arizona Diamondbacks,6,4
2026-07-02,823442,6,Pittsburgh Pirates,Philadelphia Phillies,1,Pittsburgh Pirates,Philadelphia Phillies,6,1
2026-07-02,823765,7,Cincinnati Reds,Milwaukee Brewers,2,Cincinnati Reds,Milwaukee Brewers,7,2
2026-07-02,824335,4,Miami Marlins,Colorado Rockies,14,Colorado Rockies,Miami Marlins,14,4
2026-07-02,824416,5,Chicago White Sox,Cleveland Guardians,6,Cleveland Guardians,Chicago White Sox,6,5
2026-07-02,824906,11,St. Louis Cardinals,Atlanta Braves,5,St. Louis Cardinals,Atlanta Braves,11,5
2026-07-02,824093,5,Tampa Bay Rays,Kansas City Royals,2,Tampa Bay Rays,Kansas City Royals,5,2
2026-07-02,822884,4,Detroit Tigers,Texas Rangers,10,Texas Rangers,Detroit Tigers,10,4
2026-07-02,823119,0,Los Angeles Angels,Seattle Mariners,1,Seattle Mariners,Los Angeles Angels,1,0
2026-07-02,823935,7,San Diego Padres,Los Angeles Dodgers,12,Los Angeles Dodgers,San Diego Padres,12,7
2026-07-03,824659,17,St. Louis Cardinals,Chicago Cubs,1,St. Louis Cardinals,Chicago Cubs,17,1
2026-07-03,822714,5,Pittsburgh Pirates,Washington Nationals,9,Washington Nationals,Pittsburgh Pirates,9,5
2026-07-03,823527,2,Minnesota Twins,New York Yankees,5,New York Yankees,Minnesota Twins,5,2
2026-07-03,824498,3,Baltimore Orioles,Cincinnati Reds,0,Baltimore Orioles,Cincinnati Reds,3,0
2026-07-03,824417,3,Chicago White Sox,Cleveland Guardians,4,Cleveland Guardians,Chicago White Sox,4,3
2026-07-03,824904,3,New York Mets,Atlanta Braves,5,Atlanta Braves,New York Mets,5,3
2026-07-03,824336,3,San Francisco Giants,Colorado Rockies,15,Colorado Rockies,San Francisco Giants,15,3
2026-07-03,824173,3,Tampa Bay Rays,Houston Astros,1,Tampa Bay Rays,Houston Astros,3,1
2026-07-03,824013,5,Boston Red Sox,Los Angeles Angels,2,Boston Red Sox,Los Angeles Angels,5,2
2026-07-03,824982,12,Miami Marlins,Athletics,5,Miami Marlins,Athletics,12,5
2026-07-03,825062,7,Milwaukee Brewers,Arizona Diamondbacks,4,Milwaukee Brewers,Arizona Diamondbacks,7,4
2026-07-03,823933,3,San Diego Padres,Los Angeles Dodgers,4,Los Angeles Dodgers,San Diego Padres,4,3
2026-07-03,823120,2,Toronto Blue Jays,Seattle Mariners,0,Toronto Blue Jays,Seattle Mariners,2,0
2026-07-04,822716,7,Pittsburgh Pirates,Washington Nationals,1,Pittsburgh Pirates,Washington Nationals,7,1
2026-07-04,823526,11,Minnesota Twins,New York Yankees,4,Minnesota Twins,New York Yankees,11,4
2026-07-04,822882,3,Detroit Tigers,Texas Rangers,0,Detroit Tigers,Texas Rangers,3,0
2026-07-04,823118,0,Toronto Blue Jays,Seattle Mariners,11,Seattle Mariners,Toronto Blue Jays,11,0
2026-07-04,824499,8,Baltimore Orioles,Cincinnati Reds,5,Baltimore Orioles,Cincinnati Reds,8,5
2026-07-04,824171,8,Tampa Bay Rays,Houston Astros,10,Houston Astros,Tampa Bay Rays,10,8
2026-07-04,824415,3,Chicago White Sox,Cleveland Guardians,1,Chicago White Sox,Cleveland Guardians,3,1
2026-07-04,824658,3,St. Louis Cardinals,Chicago Cubs,0,St. Louis Cardinals,Chicago Cubs,3,0
2026-07-04,824903,3,New York Mets,Atlanta Braves,14,Atlanta Braves,New York Mets,14,3
2026-07-04,824334,6,San Francisco Giants,Colorado Rockies,4,San Francisco Giants,Colorado Rockies,6,4
2026-07-04,824092,6,Philadelphia Phillies,Kansas City Royals,1,Philadelphia Phillies,Kansas City Royals,6,1
2026-07-04,824012,8,Boston Red Sox,Los Angeles Angels,1,Boston Red Sox,Los Angeles Angels,8,1
2026-07-04,824983,7,Miami Marlins,Athletics,2,Miami Marlins,Athletics,7,2
2026-07-04,825063,3,Milwaukee Brewers,Arizona Diamondbacks,4,Arizona Diamondbacks,Milwaukee Brewers,4,3
2026-07-04,823932,0,San Diego Padres,Los Angeles Dodgers,3,Los Angeles Dodgers,San Diego Padres,3,0
2026-07-05,824902,10,New York Mets,Atlanta Braves,9,New York Mets,Atlanta Braves,10,9
2026-07-05,822715,11,Pittsburgh Pirates,Washington Nationals,5,Pittsburgh Pirates,Washington Nationals,11,5
2026-07-05,824497,2,Baltimore Orioles,Cincinnati Reds,3,Cincinnati Reds,Baltimore Orioles,3,2
2026-07-05,823525,6,Minnesota Twins,New York Yankees,1,Minnesota Twins,New York Yankees,6,1
2026-07-05,824413,7,Chicago White Sox,Cleveland Guardians,6,Chicago White Sox,Cleveland Guardians,7,6
2026-07-05,824656,4,St. Louis Cardinals,Chicago Cubs,6,Chicago Cubs,St. Louis Cardinals,6,4
2026-07-05,824091,2,Philadelphia Phillies,Kansas City Royals,5,Kansas City Royals,Philadelphia Phillies,5,2
2026-07-05,824172,0,Tampa Bay Rays,Houston Astros,2,Houston Astros,Tampa Bay Rays,2,0
2026-07-05,822879,6,Detroit Tigers,Texas Rangers,3,Detroit Tigers,Texas Rangers,6,3
2026-07-05,824333,6,San Francisco Giants,Colorado Rockies,7,Colorado Rockies,San Francisco Giants,7,6
2026-07-05,825061,3,Milwaukee Brewers,Arizona Diamondbacks,2,Milwaukee Brewers,Arizona Diamondbacks,3,2
2026-07-05,824980,9,Miami Marlins,Athletics,8,Miami Marlins,Athletics,9,8
2026-07-05,823117,0,Toronto Blue Jays,Seattle Mariners,4,Seattle Mariners,Toronto Blue Jays,4,0
2026-07-05,823931,5,San Diego Padres,Los Angeles Dodgers,2,San Diego Padres,Los Angeles Dodgers,5,2
2026-07-05,824010,7,Boston Red Sox,Los Angeles Angels,5,Boston Red Sox,Los Angeles Angels,7,5
2026-07-06,824089,1,Philadelphia Phillies,Kansas City Royals,15,Kansas City Royals,Philadelphia Phillies,15,1
2026-07-06,822958,5,New York Yankees,Tampa Bay Rays,1,New York Yankees,Tampa Bay Rays,5,1
2026-07-06,822712,11,Houston Astros,Washington Nationals,12,Washington Nationals,Houston Astros,12,11
2026-07-06,824900,7,New York Mets,Atlanta Braves,6,New York Mets,Atlanta Braves,7,6
2026-07-06,823036,4,Milwaukee Brewers,St. Louis Cardinals,3,Milwaukee Brewers,St. Louis Cardinals,4,3
2026-07-06,823282,8,Arizona Diamondbacks,San Diego Padres,0,Arizona Diamondbacks,San Diego Padres,8,0
2026-07-06,823205,1,Toronto Blue Jays,San Francisco Giants,10,San Francisco Giants,Toronto Blue Jays,10,1
2026-07-06,823930,7,Colorado Rockies,Los Angeles Dodgers,8,Los Angeles Dodgers,Colorado Rockies,8,7
2026-07-07,823062,4,Milwaukee Brewers,St. Louis Cardinals,3,Milwaukee Brewers,St. Louis Cardinals,4,3
2026-07-07,823035,10,Milwaukee Brewers,St. Louis Cardinals,2,Milwaukee Brewers,St. Louis Cardinals,10,2
2026-07-07,824820,5,Chicago Cubs,Baltimore Orioles,2,Chicago Cubs,Baltimore Orioles,5,2
2026-07-07,824254,2,Athletics,Detroit Tigers,6,Detroit Tigers,Athletics,6,2
2026-07-07,823361,4,Atlanta Braves,Pittsburgh Pirates,12,Pittsburgh Pirates,Atlanta Braves,12,4
2026-07-07,823847,5,Seattle Mariners,Miami Marlins,6,Miami Marlins,Seattle Mariners,6,5
2026-07-07,822956,4,New York Yankees,Tampa Bay Rays,6,Tampa Bay Rays,New York Yankees,6,4
2026-07-07,822713,6,Houston Astros,Washington Nationals,3,Houston Astros,Washington Nationals,6,3
2026-07-07,823607,16,Kansas City Royals,New York Mets,12,Kansas City Royals,New York Mets,16,12
2026-07-07,824495,4,Philadelphia Phillies,Cincinnati Reds,1,Philadelphia Phillies,Cincinnati Reds,4,1
2026-07-07,823687,1,Cleveland Guardians,Minnesota Twins,3,Minnesota Twins,Cleveland Guardians,3,1
2026-07-07,824579,8,Boston Red Sox,Chicago White Sox,1,Boston Red Sox,Chicago White Sox,8,1
2026-07-07,822881,3,Los Angeles Angels,Texas Rangers,8,Texas Rangers,Los Angeles Angels,8,3
2026-07-07,823280,1,Arizona Diamondbacks,San Diego Padres,4,San Diego Padres,Arizona Diamondbacks,4,1
2026-07-07,823203,9,Toronto Blue Jays,San Francisco Giants,3,Toronto Blue Jays,San Francisco Giants,9,3
2026-07-07,823929,4,Colorado Rockies,Los Angeles Dodgers,3,Colorado Rockies,Los Angeles Dodgers,4,3
2026-07-08,823202,10,Toronto Blue Jays,San Francisco Giants,0,Toronto Blue Jays,San Francisco Giants,10,0
2026-07-08,824815,9,Chicago Cubs,Baltimore Orioles,7,Chicago Cubs,Baltimore Orioles,9,7
2026-07-08,824253,1,Athletics,Detroit Tigers,6,Detroit Tigers,Athletics,6,1
2026-07-08,823360,3,Atlanta Braves,Pittsburgh Pirates,0,Atlanta Braves,Pittsburgh Pirates,3,0
2026-07-08,823848,0,Seattle Mariners,Miami Marlins,2,Miami Marlins,Seattle Mariners,2,0
2026-07-08,822957,0,New York Yankees,Tampa Bay Rays,3,Tampa Bay Rays,New York Yankees,3,0
2026-07-08,822710,2,Houston Astros,Washington Nationals,8,Washington Nationals,Houston Astros,8,2
2026-07-08,823605,2,Kansas City Royals,New York Mets,6,New York Mets,Kansas City Royals,6,2
2026-07-08,824496,5,Philadelphia Phillies,Cincinnati Reds,11,Cincinnati Reds,Philadelphia Phillies,11,5
2026-07-08,823684,5,Cleveland Guardians,Minnesota Twins,6,Minnesota Twins,Cleveland Guardians,6,5
2026-07-08,824578,5,Boston Red Sox,Chicago White Sox,0,Boston Red Sox,Chicago White Sox,5,0
2026-07-08,823032,1,Milwaukee Brewers,St. Louis Cardinals,5,St. Louis Cardinals,Milwaukee Brewers,5,1
2026-07-08,822880,13,Los Angeles Angels,Texas Rangers,1,Los Angeles Angels,Texas Rangers,13,1
2026-07-08,823928,3,Colorado Rockies,Los Angeles Dodgers,4,Los Angeles Dodgers,Colorado Rockies,4,3
2026-07-08,823279,4,Arizona Diamondbacks,San Diego Padres,10,San Diego Padres,Arizona Diamondbacks,10,4
2026-07-09,823359,10,Atlanta Braves,Pittsburgh Pirates,5,Atlanta Braves,Pittsburgh Pirates,10,5
2026-07-09,823606,3,Kansas City Royals,New York Mets,7,New York Mets,Kansas City Royals,7,3
2026-07-09,822954,12,New York Yankees,Tampa Bay Rays,4,New York Yankees,Tampa Bay Rays,12,4
2026-07-09,824816,2,Chicago Cubs,Baltimore Orioles,3,Baltimore Orioles,Chicago Cubs,3,2
2026-07-09,823683,5,Cleveland Guardians,Minnesota Twins,2,Cleveland Guardians,Minnesota Twins,5,2
2026-07-09,824577,2,Boston Red Sox,Chicago White Sox,1,Boston Red Sox,Chicago White Sox,2,1
2026-07-09,824251,1,Athletics,Detroit Tigers,4,Detroit Tigers,Athletics,4,1
2026-07-09,823846,4,Seattle Mariners,Miami Marlins,8,Miami Marlins,Seattle Mariners,8,4
2026-07-09,824494,1,Philadelphia Phillies,Cincinnati Reds,0,Philadelphia Phillies,Cincinnati Reds,1,0
2026-07-09,823034,8,Milwaukee Brewers,St. Louis Cardinals,4,Milwaukee Brewers,St. Louis Cardinals,8,4
2026-07-09,822877,6,Los Angeles Angels,Texas Rangers,7,Texas Rangers,Los Angeles Angels,7,6
2026-07-09,823277,3,Arizona Diamondbacks,San Diego Padres,1,Arizona Diamondbacks,San Diego Padres,3,1
2026-07-09,823201,2,Colorado Rockies,San Francisco Giants,8,San Francisco Giants,Colorado Rockies,8,2
2026-07-10,824252,2,Philadelphia Phillies,Detroit Tigers,10,Detroit Tigers,Philadelphia Phillies,10,2
2026-07-10,822709,5,New York Yankees,Washington Nationals,3,New York Yankees,Washington Nationals,5,3
2026-07-10,824817,3,Kansas City Royals,Baltimore Orioles,5,Baltimore Orioles,Kansas City Royals,5,3
2026-07-10,824493,0,Chicago Cubs,Cincinnati Reds,4,Cincinnati Reds,Chicago Cubs,4,0
2026-07-10,822955,2,Seattle Mariners,Tampa Bay Rays,7,Tampa Bay Rays,Seattle Mariners,7,2
2026-07-10,823845,3,Cleveland Guardians,Miami Marlins,2,Cleveland Guardians,Miami Marlins,3,2
2026-07-10,823604,6,Boston Red Sox,New York Mets,2,Boston Red Sox,New York Mets,6,2
2026-07-10,824575,1,Athletics,Chicago White Sox,14,Chicago White Sox,Athletics,14,1
2026-07-10,822878,3,Houston Astros,Texas Rangers,7,Texas Rangers,Houston Astros,7,3
2026-07-10,823685,4,Los Angeles Angels,Minnesota Twins,3,Los Angeles Angels,Minnesota Twins,4,3
2026-07-10,823033,1,Atlanta Braves,St. Louis Cardinals,2,St. Louis Cardinals,Atlanta Braves,2,1
2026-07-10,823278,5,Toronto Blue Jays,San Diego Padres,3,Toronto Blue Jays,San Diego Padres,5,3
2026-07-10,823927,9,Arizona Diamondbacks,Los Angeles Dodgers,3,Arizona Diamondbacks,Los Angeles Dodgers,9,3
2026-07-10,823200,4,Colorado Rockies,San Francisco Giants,3,Colorado Rockies,San Francisco Giants,4,3
2026-07-11,823357,6,Milwaukee Brewers,Pittsburgh Pirates,7,Pittsburgh Pirates,Milwaukee Brewers,7,6
2026-07-11,823356,2,Milwaukee Brewers,Pittsburgh Pirates,3,Pittsburgh Pirates,Milwaukee Brewers,3,2
2026-07-11,823682,3,Los Angeles Angels,Minnesota Twins,5,Minnesota Twins,Los Angeles Angels,5,3
2026-07-11,824576,0,Athletics,Chicago White Sox,1,Chicago White Sox,Athletics,1,0
2026-07-11,823198,2,Colorado Rockies,San Francisco Giants,4,San Francisco Giants,Colorado Rockies,4,2
2026-07-11,822711,4,New York Yankees,Washington Nationals,2,New York Yankees,Washington Nationals,4,2
2026-07-11,823603,4,Boston Red Sox,New York Mets,0,Boston Red Sox,New York Mets,4,0
2026-07-11,822953,1,Seattle Mariners,Tampa Bay Rays,6,Tampa Bay Rays,Seattle Mariners,6,1
2026-07-11,823844,4,Cleveland Guardians,Miami Marlins,1,Cleveland Guardians,Miami Marlins,4,1
2026-07-11,824249,4,Philadelphia Phillies,Detroit Tigers,2,Philadelphia Phillies,Detroit Tigers,4,2
2026-07-11,824813,1,Kansas City Royals,Baltimore Orioles,6,Baltimore Orioles,Kansas City Royals,6,1
2026-07-11,822875,9,Houston Astros,Texas Rangers,3,Houston Astros,Texas Rangers,9,3
2026-07-11,824492,5,Chicago Cubs,Cincinnati Reds,3,Chicago Cubs,Cincinnati Reds,5,3
2026-07-11,823030,1,Atlanta Braves,St. Louis Cardinals,4,St. Louis Cardinals,Atlanta Braves,4,1
2026-07-11,823276,7,Toronto Blue Jays,San Diego Padres,8,San Diego Padres,Toronto Blue Jays,8,7
2026-07-11,823926,9,Arizona Diamondbacks,Los Angeles Dodgers,2,Arizona Diamondbacks,Los Angeles Dodgers,9,2
2026-07-12,823358,5,Milwaukee Brewers,Pittsburgh Pirates,14,Pittsburgh Pirates,Milwaukee Brewers,14,5
2026-07-12,824814,2,Kansas City Royals,Baltimore Orioles,8,Baltimore Orioles,Kansas City Royals,8,2
2026-07-12,822708,5,New York Yankees,Washington Nationals,3,New York Yankees,Washington Nationals,5,3
2026-07-12,824491,8,Chicago Cubs,Cincinnati Reds,4,Chicago Cubs,Cincinnati Reds,8,4
2026-07-12,823602,3,Boston Red Sox,New York Mets,2,Boston Red Sox,New York Mets,3,2
2026-07-12,822951,8,Seattle Mariners,Tampa Bay Rays,2,Seattle Mariners,Tampa Bay Rays,8,2
2026-07-12,824250,5,Philadelphia Phillies,Detroit Tigers,0,Philadelphia Phillies,Detroit Tigers,5,0
2026-07-12,823842,5,Cleveland Guardians,Miami Marlins,2,Cleveland Guardians,Miami Marlins,5,2
2026-07-12,823681,2,Los Angeles Angels,Minnesota Twins,4,Minnesota Twins,Los Angeles Angels,4,2
2026-07-12,824574,1,Athletics,Chicago White Sox,9,Chicago White Sox,Athletics,9,1
2026-07-12,823029,4,Atlanta Braves,St. Louis Cardinals,3,Atlanta Braves,St. Louis Cardinals,4,3
2026-07-12,822876,5,Houston Astros,Texas Rangers,6,Texas Rangers,Houston Astros,6,5
2026-07-12,823199,1,Colorado Rockies,San Francisco Giants,3,San Francisco Giants,Colorado Rockies,3,1
2026-07-12,823925,5,Arizona Diamondbacks,Los Angeles Dodgers,3,Arizona Diamondbacks,Los Angeles Dodgers,5,3
2026-07-12,823274,4,Toronto Blue Jays,San Diego Padres,5,San Diego Padres,Toronto Blue Jays,5,4
2026-07-16,823440,4,New York Mets,Philadelphia Phillies,1,New York Mets,Philadelphia Phillies,4,1
2026-07-17,824766,0,Tampa Bay Rays,Boston Red Sox,10,Boston Red Sox,Tampa Bay Rays,10,0
2026-07-17,824737,3,Tampa Bay Rays,Boston Red Sox,5,Boston Red Sox,Tampa Bay Rays,5,3
2026-07-17,823524,2,Los Angeles Dodgers,New York Yankees,1,Los Angeles Dodgers,New York Yankees,2,1
2026-07-17,824901,1,Texas Rangers,Atlanta Braves,15,Atlanta Braves,Texas Rangers,15,1
2026-07-17,822789,12,Chicago White Sox,Toronto Blue Jays,4,Chicago White Sox,Toronto Blue Jays,12,4
2026-07-17,823766,1,Miami Marlins,Milwaukee Brewers,2,Milwaukee Brewers,Miami Marlins,2,1
2026-07-17,824655,5,Minnesota Twins,Chicago Cubs,2,Minnesota Twins,Chicago Cubs,5,2
2026-07-17,824170,3,Baltimore Orioles,Houston Astros,2,Baltimore Orioles,Houston Astros,3,2
2026-07-17,824090,6,San Diego Padres,Kansas City Royals,7,Kansas City Royals,San Diego Padres,7,6
2026-07-17,824332,7,Cincinnati Reds,Colorado Rockies,2,Cincinnati Reds,Colorado Rockies,7,2
2026-07-17,824009,2,Detroit Tigers,Los Angeles Angels,1,Detroit Tigers,Los Angeles Angels,2,1
2026-07-17,824981,23,Washington Nationals,Athletics,4,Washington Nationals,Athletics,23,4
2026-07-17,825060,5,St. Louis Cardinals,Arizona Diamondbacks,4,St. Louis Cardinals,Arizona Diamondbacks,5,4
2026-07-17,823115,7,San Francisco Giants,Seattle Mariners,0,San Francisco Giants,Seattle Mariners,7,0
2026-07-18,824414,7,Pittsburgh Pirates,Cleveland Guardians,1,Pittsburgh Pirates,Cleveland Guardians,7,1
2026-07-18,824412,3,Pittsburgh Pirates,Cleveland Guardians,5,Cleveland Guardians,Pittsburgh Pirates,5,3
2026-07-18,824657,2,Minnesota Twins,Chicago Cubs,6,Chicago Cubs,Minnesota Twins,6,2
2026-07-18,823441,1,New York Mets,Philadelphia Phillies,6,Philadelphia Phillies,New York Mets,6,1
2026-07-18,822790,0,Chicago White Sox,Toronto Blue Jays,1,Toronto Blue Jays,Chicago White Sox,1,0
2026-07-18,824331,3,Cincinnati Reds,Colorado Rockies,10,Colorado Rockies,Cincinnati Reds,10,3
2026-07-18,824169,4,Baltimore Orioles,Houston Astros,2,Baltimore Orioles,Houston Astros,4,2
2026-07-18,824088,1,San Diego Padres,Kansas City Royals,6,Kansas City Royals,San Diego Padres,6,1
2026-07-18,825059,3,St. Louis Cardinals,Arizona Diamondbacks,5,Arizona Diamondbacks,St. Louis Cardinals,5,3
2026-07-18,824738,6,Tampa Bay Rays,Boston Red Sox,7,Boston Red Sox,Tampa Bay Rays,7,6
2026-07-18,824899,7,Texas Rangers,Atlanta Braves,6,Texas Rangers,Atlanta Braves,7,6
2026-07-18,823763,6,Miami Marlins,Milwaukee Brewers,8,Milwaukee Brewers,Miami Marlins,8,6
2026-07-18,823116,3,San Francisco Giants,Seattle Mariners,4,Seattle Mariners,San Francisco Giants,4,3
2026-07-18,824979,1,Washington Nationals,Athletics,15,Athletics,Washington Nationals,15,1
2026-07-18,824008,7,Detroit Tigers,Los Angeles Angels,0,Detroit Tigers,Los Angeles Angels,7,0
2026-07-19,822786,3,Chicago White Sox,Toronto Blue Jays,0,Chicago White Sox,Toronto Blue Jays,3,0
2026-07-19,823523,8,Los Angeles Dodgers,New York Yankees,2,Los Angeles Dodgers,New York Yankees,8,2
2026-07-19,823521,1,Los Angeles Dodgers,New York Yankees,2,New York Yankees,Los Angeles Dodgers,2,1
2026-07-19,824739,1,Tampa Bay Rays,Boston Red Sox,6,Boston Red Sox,Tampa Bay Rays,6,1
2026-07-19,823439,6,New York Mets,Philadelphia Phillies,1,New York Mets,Philadelphia Phillies,6,1
2026-07-19,824897,5,Texas Rangers,Atlanta Braves,8,Atlanta Braves,Texas Rangers,8,5
2026-07-19,824411,7,Pittsburgh Pirates,Cleveland Guardians,1,Pittsburgh Pirates,Cleveland Guardians,7,1
2026-07-19,824168,5,Baltimore Orioles,Houston Astros,2,Baltimore Orioles,Houston Astros,5,2
2026-07-19,824086,19,San Diego Padres,Kansas City Royals,2,San Diego Padres,Kansas City Royals,19,2
2026-07-19,823764,1,Miami Marlins,Milwaukee Brewers,3,Milwaukee Brewers,Miami Marlins,3,1
2026-07-19,824653,1,Minnesota Twins,Chicago Cubs,10,Chicago Cubs,Minnesota Twins,10,1
2026-07-19,824330,9,Cincinnati Reds,Colorado Rockies,6,Cincinnati Reds,Colorado Rockies,9,6
2026-07-19,824978,5,Washington Nationals,Athletics,2,Washington Nationals,Athletics,5,2
2026-07-19,824007,2,Detroit Tigers,Los Angeles Angels,3,Los Angeles Angels,Detroit Tigers,3,2
2026-07-19,823113,3,San Francisco Giants,Seattle Mariners,6,Seattle Mariners,San Francisco Giants,6,3
2026-07-19,825057,7,St. Louis Cardinals,Arizona Diamondbacks,8,Arizona Diamondbacks,St. Louis Cardinals,8,7
2026-07-20,824410,4,Minnesota Twins,Cleveland Guardians,13,Cleveland Guardians,Minnesota Twins,13,4
2026-07-20,823522,5,Pittsburgh Pirates,New York Yankees,8,New York Yankees,Pittsburgh Pirates,8,5
2026-07-20,822788,7,Tampa Bay Rays,Toronto Blue Jays,1,Tampa Bay Rays,Toronto Blue Jays,7,1
2026-07-20,824736,5,Baltimore Orioles,Boston Red Sox,6,Boston Red Sox,Baltimore Orioles,6,5
2026-07-20,823436,7,Los Angeles Dodgers,Philadelphia Phillies,10,Philadelphia Phillies,Los Angeles Dodgers,10,7
2026-07-20,824898,2,San Diego Padres,Atlanta Braves,3,Atlanta Braves,San Diego Padres,3,2
2026-07-20,824087,3,San Francisco Giants,Kansas City Royals,4,Kansas City Royals,San Francisco Giants,4,3
2026-07-20,823762,3,New York Mets,Milwaukee Brewers,8,Milwaukee Brewers,New York Mets,8,3
2026-07-20,824654,8,Detroit Tigers,Chicago Cubs,6,Detroit Tigers,Chicago Cubs,8,6
2026-07-20,822874,10,Chicago White Sox,Texas Rangers,3,Chicago White Sox,Texas Rangers,10,3
2026-07-20,824167,5,Miami Marlins,Houston Astros,8,Houston Astros,Miami Marlins,8,5
2026-07-20,824328,7,Washington Nationals,Colorado Rockies,3,Washington Nationals,Colorado Rockies,7,3
2026-07-20,825058,5,Athletics,Arizona Diamondbacks,2,Athletics,Arizona Diamondbacks,5,2
2026-07-20,823112,0,Cincinnati Reds,Seattle Mariners,8,Seattle Mariners,Cincinnati Reds,8,0
2026-07-20,824006,2,St. Louis Cardinals,Los Angeles Angels,3,Los Angeles Angels,St. Louis Cardinals,3,2
2026-07-21,824409,2,Minnesota Twins,Cleveland Guardians,5,Cleveland Guardians,Minnesota Twins,5,2
2026-07-21,823437,2,Los Angeles Dodgers,Philadelphia Phillies,1,Los Angeles Dodgers,Philadelphia Phillies,2,1
2026-07-21,822787,12,Tampa Bay Rays,Toronto Blue Jays,2,Tampa Bay Rays,Toronto Blue Jays,12,2
2026-07-21,824895,8,San Diego Padres,Atlanta Braves,3,San Diego Padres,Atlanta Braves,8,3
2026-07-21,824085,2,San Francisco Giants,Kansas City Royals,3,Kansas City Royals,San Francisco Giants,3,2
2026-07-21,823760,4,New York Mets,Milwaukee Brewers,0,New York Mets,Milwaukee Brewers,4,0
2026-07-21,824652,2,Detroit Tigers,Chicago Cubs,11,Chicago Cubs,Detroit Tigers,11,2
2026-07-21,822871,0,Chicago White Sox,Texas Rangers,10,Texas Rangers,Chicago White Sox,10,0
2026-07-21,824165,3,Miami Marlins,Houston Astros,5,Houston Astros,Miami Marlins,5,3
2026-07-21,824329,7,Washington Nationals,Colorado Rockies,8,Colorado Rockies,Washington Nationals,8,7
2026-07-21,824005,1,St. Louis Cardinals,Los Angeles Angels,5,Los Angeles Angels,St. Louis Cardinals,5,1
2026-07-21,825056,5,Athletics,Arizona Diamondbacks,6,Arizona Diamondbacks,Athletics,6,5
2026-07-21,823114,4,Cincinnati Reds,Seattle Mariners,2,Cincinnati Reds,Seattle Mariners,4,2
2026-07-22,823518,5,Pittsburgh Pirates,New York Yankees,3,Pittsburgh Pirates,New York Yankees,5,3
2026-07-22,823519,0,Pittsburgh Pirates,New York Yankees,2,New York Yankees,Pittsburgh Pirates,2,0
2026-07-22,824735,3,Baltimore Orioles,Boston Red Sox,6,Boston Red Sox,Baltimore Orioles,6,3
2026-07-22,824732,5,Baltimore Orioles,Boston Red Sox,1,Baltimore Orioles,Boston Red Sox,5,1
2026-07-22,824083,4,San Francisco Giants,Kansas City Royals,5,Kansas City Royals,San Francisco Giants,5,4
2026-07-22,823761,3,New York Mets,Milwaukee Brewers,4,Milwaukee Brewers,New York Mets,4,3
2026-07-22,824327,8,Washington Nationals,Colorado Rockies,0,Washington Nationals,Colorado Rockies,8,0
2026-07-22,825055,5,Athletics,Arizona Diamondbacks,15,Arizona Diamondbacks,Athletics,15,5
2026-07-22,823110,5,Cincinnati Reds,Seattle Mariners,3,Cincinnati Reds,Seattle Mariners,5,3
2026-07-22,824004,1,St. Louis Cardinals,Los Angeles Angels,0,St. Louis Cardinals,Los Angeles Angels,1,0
2026-07-22,824408,10,Minnesota Twins,Cleveland Guardians,6,Minnesota Twins,Cleveland Guardians,10,6
2026-07-22,823438,9,Los Angeles Dodgers,Philadelphia Phillies,5,Los Angeles Dodgers,Philadelphia Phillies,9,5
2026-07-22,822784,4,Tampa Bay Rays,Toronto Blue Jays,2,Tampa Bay Rays,Toronto Blue Jays,4,2
2026-07-22,824896,6,San Diego Padres,Atlanta Braves,7,Atlanta Braves,San Diego Padres,7,6
2026-07-22,822873,4,Chicago White Sox,Texas Rangers,2,Chicago White Sox,Texas Rangers,4,2
2026-07-22,824650,5,Detroit Tigers,Chicago Cubs,1,Detroit Tigers,Chicago Cubs,5,1
2026-07-22,824166,2,Miami Marlins,Houston Astros,5,Houston Astros,Miami Marlins,5,2
2026-07-23,824893,5,San Diego Padres,Atlanta Braves,6,Atlanta Braves,San Diego Padres,6,5
2026-07-23,824406,3,Minnesota Twins,Cleveland Guardians,1,Minnesota Twins,Cleveland Guardians,3,1
2026-07-23,822785,1,Tampa Bay Rays,Toronto Blue Jays,3,Toronto Blue Jays,Tampa Bay Rays,3,1
2026-07-23,823042,10,Arizona Diamondbacks,St. Louis Cardinals,6,Arizona Diamondbacks,St. Louis Cardinals,10,6
2026-07-23,824247,3,Kansas City Royals,Detroit Tigers,4,Detroit Tigers,Kansas City Royals,4,3
2026-07-24,823759,5,Colorado Rockies,Milwaukee Brewers,2,Colorado Rockies,Milwaukee Brewers,5,2
2026-07-24,824248,1,Kansas City Royals,Detroit Tigers,2,Detroit Tigers,Kansas City Royals,2,1
2026-07-24,823352,3,Chicago Cubs,Pittsburgh Pirates,2,Chicago Cubs,Pittsburgh Pirates,3,2
2026-07-24,822707,3,Arizona Diamondbacks,Washington Nationals,2,Arizona Diamondbacks,Washington Nationals,3,2
2026-07-24,823434,1,New York Yankees,Philadelphia Phillies,0,New York Yankees,Philadelphia Phillies,1,0
2026-07-24,824812,7,Atlanta Braves,Baltimore Orioles,6,Atlanta Braves,Baltimore Orioles,7,6
2026-07-24,823601,4,Los Angeles Dodgers,New York Mets,2,Los Angeles Dodgers,New York Mets,4,2
2026-07-24,822952,3,Cleveland Guardians,Tampa Bay Rays,11,Tampa Bay Rays,Cleveland Guardians,11,3
2026-07-24,823843,4,San Diego Padres,Miami Marlins,2,San Diego Padres,Miami Marlins,4,2
2026-07-24,824733,4,Toronto Blue Jays,Boston Red Sox,6,Boston Red Sox,Toronto Blue Jays,6,4
2026-07-24,824573,9,Houston Astros,Chicago White Sox,5,Houston Astros,Chicago White Sox,9,5
2026-07-24,822872,4,Seattle Mariners,Texas Rangers,5,Texas Rangers,Seattle Mariners,5,4
2026-07-24,823680,2,Athletics,Minnesota Twins,0,Athletics,Minnesota Twins,2,0
2026-07-24,823031,4,Cincinnati Reds,St. Louis Cardinals,2,Cincinnati Reds,St. Louis Cardinals,4,2
2026-07-24,823196,6,Los Angeles Angels,San Francisco Giants,7,San Francisco Giants,Los Angeles Angels,7,6
2026-07-25,824244,3,Kansas City Royals,Detroit Tigers,2,Kansas City Royals,Detroit Tigers,3,2
2026-07-25,822704,3,Arizona Diamondbacks,Washington Nationals,5,Washington Nationals,Arizona Diamondbacks,5,3
2026-07-25,823197,2,Los Angeles Angels,San Francisco Giants,9,San Francisco Giants,Los Angeles Angels,9,2
2026-07-25,824734,6,Toronto Blue Jays,Boston Red Sox,0,Toronto Blue Jays,Boston Red Sox,6,0
2026-07-25,823841,7,San Diego Padres,Miami Marlins,2,San Diego Padres,Miami Marlins,7,2
2026-07-25,823435,3,New York Yankees,Philadelphia Phillies,1,New York Yankees,Philadelphia Phillies,3,1
2026-07-25,822948,0,Cleveland Guardians,Tampa Bay Rays,3,Tampa Bay Rays,Cleveland Guardians,3,0
2026-07-25,823355,11,Chicago Cubs,Pittsburgh Pirates,0,Chicago Cubs,Pittsburgh Pirates,11,0
2026-07-25,824811,2,Atlanta Braves,Baltimore Orioles,3,Baltimore Orioles,Atlanta Braves,3,2
2026-07-25,823679,0,Athletics,Minnesota Twins,2,Minnesota Twins,Athletics,2,0
2026-07-25,824571,4,Houston Astros,Chicago White Sox,1,Houston Astros,Chicago White Sox,4,1
2026-07-25,823758,5,Colorado Rockies,Milwaukee Brewers,8,Milwaukee Brewers,Colorado Rockies,8,5
2026-07-25,823600,4,Los Angeles Dodgers,New York Mets,3,Los Angeles Dodgers,New York Mets,4,3
2026-07-25,823027,0,Cincinnati Reds,St. Louis Cardinals,7,St. Louis Cardinals,Cincinnati Reds,7,0
2026-07-25,822869,1,Seattle Mariners,Texas Rangers,7,Texas Rangers,Seattle Mariners,7,1
2026-07-26,822950,0,Cleveland Guardians,Tampa Bay Rays,1,Tampa Bay Rays,Cleveland Guardians,1,0
2026-07-26,822706,7,Arizona Diamondbacks,Washington Nationals,10,Washington Nationals,Arizona Diamondbacks,10,7
2026-07-26,823354,7,Chicago Cubs,Pittsburgh Pirates,8,Pittsburgh Pirates,Chicago Cubs,8,7
2026-07-26,824730,1,Toronto Blue Jays,Boston Red Sox,6,Boston Red Sox,Toronto Blue Jays,6,1
2026-07-26,824810,3,Atlanta Braves,Baltimore Orioles,2,Atlanta Braves,Baltimore Orioles,3,2
2026-07-26,824246,5,Kansas City Royals,Detroit Tigers,4,Kansas City Royals,Detroit Tigers,5,4
2026-07-26,823599,3,Los Angeles Dodgers,New York Mets,8,New York Mets,Los Angeles Dodgers,8,3
2026-07-26,823840,5,San Diego Padres,Miami Marlins,3,San Diego Padres,Miami Marlins,5,3
2026-07-26,823678,8,Athletics,Minnesota Twins,11,Minnesota Twins,Athletics,11,8
2026-07-26,824572,3,Houston Astros,Chicago White Sox,12,Chicago White Sox,Houston Astros,12,3
2026-07-26,823755,2,Colorado Rockies,Milwaukee Brewers,11,Milwaukee Brewers,Colorado Rockies,11,2
2026-07-26,823028,5,Cincinnati Reds,St. Louis Cardinals,3,Cincinnati Reds,St. Louis Cardinals,5,3
2026-07-26,822870,6,Seattle Mariners,Texas Rangers,4,Seattle Mariners,Texas Rangers,6,4
2026-07-26,823194,4,Los Angeles Angels,San Francisco Giants,3,Los Angeles Angels,San Francisco Giants,4,3
2026-07-26,823433,4,New York Yankees,Philadelphia Phillies,11,Philadelphia Phillies,New York Yankees,11,4
2026-07-27,822868,3,Seattle Mariners,Texas Rangers,7,Texas Rangers,Seattle Mariners,7,3
2026-07-27,824245,8,Baltimore Orioles,Detroit Tigers,5,Baltimore Orioles,Detroit Tigers,8,5
2026-07-27,823353,2,Arizona Diamondbacks,Pittsburgh Pirates,3,Pittsburgh Pirates,Arizona Diamondbacks,3,2
2026-07-27,823839,7,Philadelphia Phillies,Miami Marlins,8,Miami Marlins,Philadelphia Phillies,8,7
2026-07-27,822705,3,Toronto Blue Jays,Washington Nationals,2,Toronto Blue Jays,Washington Nationals,3,2
2026-07-27,823597,3,Atlanta Braves,New York Mets,14,New York Mets,Atlanta Braves,14,3
2026-07-27,824570,9,New York Yankees,Chicago White Sox,5,New York Yankees,Chicago White Sox,9,5
2026-07-27,823025,7,Chicago Cubs,St. Louis Cardinals,3,Chicago Cubs,St. Louis Cardinals,7,3
2026-07-27,824001,6,Houston Astros,Los Angeles Angels,4,Houston Astros,Los Angeles Angels,6,4
2026-07-27,824977,4,Boston Red Sox,Athletics,2,Boston Red Sox,Athletics,4,2
2026-07-27,823195,0,Milwaukee Brewers,San Francisco Giants,3,San Francisco Giants,Milwaukee Brewers,3,0
2026-07-28,824490,6,Cleveland Guardians,Cincinnati Reds,5,Cleveland Guardians,Cincinnati Reds,6,5
2026-07-28,824489,0,Cleveland Guardians,Cincinnati Reds,2,Cincinnati Reds,Cleveland Guardians,2,0
2026-07-28,824243,0,Baltimore Orioles,Detroit Tigers,14,Detroit Tigers,Baltimore Orioles,14,0
2026-07-28,823350,8,Arizona Diamondbacks,Pittsburgh Pirates,7,Arizona Diamondbacks,Pittsburgh Pirates,8,7
2026-07-28,822949,4,Texas Rangers,Tampa Bay Rays,1,Texas Rangers,Tampa Bay Rays,4,1
2026-07-28,823838,0,Philadelphia Phillies,Miami Marlins,1,Miami Marlins,Philadelphia Phillies,1,0
2026-07-28,822703,6,Toronto Blue Jays,Washington Nationals,8,Washington Nationals,Toronto Blue Jays,8,6
2026-07-28,823676,2,Kansas City Royals,Minnesota Twins,3,Minnesota Twins,Kansas City Royals,3,2
2026-07-28,824569,3,New York Yankees,Chicago White Sox,2,New York Yankees,Chicago White Sox,3,2
2026-07-28,823026,10,Chicago Cubs,St. Louis Cardinals,2,Chicago Cubs,St. Louis Cardinals,10,2
2026-07-28,824003,3,Houston Astros,Los Angeles Angels,2,Houston Astros,Los Angeles Angels,3,2
2026-07-28,824976,3,Boston Red Sox,Athletics,4,Athletics,Boston Red Sox,4,3
2026-07-28,823275,7,Colorado Rockies,San Diego Padres,8,San Diego Padres,Colorado Rockies,8,7
2026-07-28,823193,8,Milwaukee Brewers,San Francisco Giants,2,Milwaukee Brewers,San Francisco Giants,8,2
2026-07-28,823923,7,Seattle Mariners,Los Angeles Dodgers,6,Seattle Mariners,Los Angeles Dodgers,7,6
2026-07-29,823837,6,Philadelphia Phillies,Miami Marlins,8,Miami Marlins,Philadelphia Phillies,8,6
2026-07-29,823351,3,Arizona Diamondbacks,Pittsburgh Pirates,0,Arizona Diamondbacks,Pittsburgh Pirates,3,0
2026-07-29,822702,5,Toronto Blue Jays,Washington Nationals,2,Toronto Blue Jays,Washington Nationals,5,2
2026-07-29,824242,10,Baltimore Orioles,Detroit Tigers,9,Baltimore Orioles,Detroit Tigers,10,9
2026-07-29,823596,2,Atlanta Braves,New York Mets,3,New York Mets,Atlanta Braves,3,2
2026-07-29,823598,1,Atlanta Braves,New York Mets,0,Atlanta Braves,New York Mets,1,0
2026-07-29,823192,3,Milwaukee Brewers,San Francisco Giants,16,San Francisco Giants,Milwaukee Brewers,16,3
2026-07-29,823273,1,Colorado Rockies,San Diego Padres,3,San Diego Padres,Colorado Rockies,3,1
2026-07-29,822947,0,Texas Rangers,Tampa Bay Rays,3,Tampa Bay Rays,Texas Rangers,3,0
2026-07-29,824487,6,Cleveland Guardians,Cincinnati Reds,1,Cleveland Guardians,Cincinnati Reds,6,1
2026-07-29,823677,4,Kansas City Royals,Minnesota Twins,0,Kansas City Royals,Minnesota Twins,4,0
2026-07-29,824567,5,New York Yankees,Chicago White Sox,6,Chicago White Sox,New York Yankees,6,5
2026-07-29,823022,2,Chicago Cubs,St. Louis Cardinals,3,St. Louis Cardinals,Chicago Cubs,3,2
2026-07-29,824002,7,Houston Astros,Los Angeles Angels,4,Houston Astros,Los Angeles Angels,7,4
2026-07-29,824973,4,Boston Red Sox,Athletics,2,Boston Red Sox,Athletics,4,2
2026-07-29,823924,2,Seattle Mariners,Los Angeles Dodgers,4,Los Angeles Dodgers,Seattle Mariners,4,2
2026-07-30,822946,2,Texas Rangers,Tampa Bay Rays,3,Tampa Bay Rays,Texas Rangers,3,2
2026-07-30,823674,3,Kansas City Royals,Minnesota Twins,4,Minnesota Twins,Kansas City Royals,4,3
2026-07-30,824568,1,New York Yankees,Chicago White Sox,2,Chicago White Sox,New York Yankees,2,1
2026-07-30,823023,4,Chicago Cubs,St. Louis Cardinals,2,Chicago Cubs,St. Louis Cardinals,4,2
2026-07-30,824488,2,Pittsburgh Pirates,Cincinnati Reds,3,Cincinnati Reds,Pittsburgh Pirates,3,2
2026-07-30,823595,2,Miami Marlins,New York Mets,4,New York Mets,Miami Marlins,4,2
2026-07-30,824894,4,Washington Nationals,Atlanta Braves,5,Atlanta Braves,Washington Nationals,5,4
2026-07-30,824974,5,Boston Red Sox,Athletics,4,Boston Red Sox,Athletics,5,4
2026-07-30,823271,4,San Francisco Giants,San Diego Padres,1,San Francisco Giants,San Diego Padres,4,1
2026-07-30,823921,2,Seattle Mariners,Los Angeles Dodgers,6,Los Angeles Dodgers,Seattle Mariners,6,2
2026-07-31,824651,2,New York Yankees,Chicago Cubs,0,New York Yankees,Chicago Cubs,2,0
2026-07-31,824486,7,Pittsburgh Pirates,Cincinnati Reds,8,Cincinnati Reds,Pittsburgh Pirates,8,7
2026-07-31,824809,4,Philadelphia Phillies,Baltimore Orioles,6,Baltimore Orioles,Philadelphia Phillies,6,4
2026-07-31,822782,1,St. Louis Cardinals,Toronto Blue Jays,3,Toronto Blue Jays,St. Louis Cardinals,3,1
2026-07-31,824407,4,Arizona Diamondbacks,Cleveland Guardians,1,Arizona Diamondbacks,Cleveland Guardians,4,1
2026-07-31,822945,6,Chicago White Sox,Tampa Bay Rays,1,Chicago White Sox,Tampa Bay Rays,6,1
2026-07-31,823593,5,Miami Marlins,New York Mets,2,Miami Marlins,New York Mets,5,2
2026-07-31,824892,2,Washington Nationals,Atlanta Braves,6,Atlanta Braves,Washington Nationals,6,2
2026-07-31,824164,2,Texas Rangers,Houston Astros,11,Houston Astros,Texas Rangers,11,2
2026-07-31,824325,1,Kansas City Royals,Colorado Rockies,3,Colorado Rockies,Kansas City Royals,3,1
2026-07-31,823999,6,Milwaukee Brewers,Los Angeles Angels,2,Milwaukee Brewers,Los Angeles Angels,6,2
2026-07-31,824975,13,Detroit Tigers,Athletics,1,Detroit Tigers,Athletics,13,1
2026-07-31,823272,0,San Francisco Giants,San Diego Padres,7,San Diego Padres,San Francisco Giants,7,0
2026-07-31,823922,9,Boston Red Sox,Los Angeles Dodgers,4,Boston Red Sox,Los Angeles Dodgers,9,4
2026-07-31,823111,5,Minnesota Twins,Seattle Mariners,3,Minnesota Twins,Seattle Mariners,5,3
2026-08-01,822781,1,St. Louis Cardinals,Toronto Blue Jays,5,Toronto Blue Jays,St. Louis Cardinals,5,1
2026-08-01,823109,3,Minnesota Twins,Seattle Mariners,4,Seattle Mariners,Minnesota Twins,4,3
2026-08-01,822944,0,Chicago White Sox,Tampa Bay Rays,1,Tampa Bay Rays,Chicago White Sox,1,0
2026-08-01,823594,6,Miami Marlins,New York Mets,2,Miami Marlins,New York Mets,6,2
2026-08-01,824485,4,Pittsburgh Pirates,Cincinnati Reds,1,Pittsburgh Pirates,Cincinnati Reds,4,1
2026-08-01,824808,5,Philadelphia Phillies,Baltimore Orioles,0,Philadelphia Phillies,Baltimore Orioles,5,0
2026-08-01,824162,4,Texas Rangers,Houston Astros,5,Houston Astros,Texas Rangers,5,4
2026-08-01,824405,12,Arizona Diamondbacks,Cleveland Guardians,8,Arizona Diamondbacks,Cleveland Guardians,12,8
2026-08-01,824890,3,Washington Nationals,Atlanta Braves,8,Atlanta Braves,Washington Nationals,8,3
2026-08-01,824649,2,New York Yankees,Chicago Cubs,5,Chicago Cubs,New York Yankees,5,2
2026-08-01,824326,6,Kansas City Royals,Colorado Rockies,12,Colorado Rockies,Kansas City Royals,12,6
2026-08-01,823269,5,San Francisco Giants,San Diego Padres,6,San Diego Padres,San Francisco Giants,6,5
2026-08-01,823920,3,Boston Red Sox,Los Angeles Dodgers,2,Boston Red Sox,Los Angeles Dodgers,3,2
2026-08-01,824000,3,Milwaukee Brewers,Los Angeles Angels,1,Milwaukee Brewers,Los Angeles Angels,3,1
2026-08-01,824972,8,Detroit Tigers,Athletics,6,Detroit Tigers,Athletics,8,6
2026-08-02,824891,2,Washington Nationals,Atlanta Braves,4,Atlanta Braves,Washington Nationals,4,2
2026-08-02,822783,5,St. Louis Cardinals,Toronto Blue Jays,1,St. Louis Cardinals,Toronto Blue Jays,5,1
2026-08-02,824404,0,Arizona Diamondbacks,Cleveland Guardians,5,Cleveland Guardians,Arizona Diamondbacks,5,0
2026-08-02,824483,2,Pittsburgh Pirates,Cincinnati Reds,10,Cincinnati Reds,Pittsburgh Pirates,10,2
2026-08-02,822943,9,Chicago White Sox,Tampa Bay Rays,1,Chicago White Sox,Tampa Bay Rays,9,1
2026-08-02,823592,2,Miami Marlins,New York Mets,0,Miami Marlins,New York Mets,2,0
2026-08-02,824163,3,Texas Rangers,Houston Astros,7,Houston Astros,Texas Rangers,7,3
2026-08-02,824648,2,New York Yankees,Chicago Cubs,1,New York Yankees,Chicago Cubs,2,1
2026-08-02,824323,1,Kansas City Royals,Colorado Rockies,8,Colorado Rockies,Kansas City Royals,8,1
2026-08-02,823996,0,Milwaukee Brewers,Los Angeles Angels,3,Los Angeles Angels,Milwaukee Brewers,3,0
2026-08-02,824971,11,Detroit Tigers,Athletics,0,Detroit Tigers,Athletics,11,0
2026-08-02,823270,4,San Francisco Giants,San Diego Padres,5,San Diego Padres,San Francisco Giants,5,4
2026-08-02,823107,6,Minnesota Twins,Seattle Mariners,7,Seattle Mariners,Minnesota Twins,7,6
2026-08-02,823919,8,Boston Red Sox,Los Angeles Dodgers,4,Boston Red Sox,Los Angeles Dodgers,8,4
2026-08-03,823431,3,Washington Nationals,Philadelphia Phillies,6,Philadelphia Phillies,Washington Nationals,6,3
2026-08-03,823520,13,St. Louis Cardinals,New York Yankees,7,St. Louis Cardinals,New York Yankees,13,7
2026-08-03,823757,4,Pittsburgh Pirates,Milwaukee Brewers,3,Pittsburgh Pirates,Milwaukee Brewers,4,3
2026-08-03,824647,5,Los Angeles Dodgers,Chicago Cubs,10,Chicago Cubs,Los Angeles Dodgers,10,5
2026-08-03,822867,5,San Francisco Giants,Texas Rangers,1,San Francisco Giants,Texas Rangers,5,1
2026-08-03,824160,3,Toronto Blue Jays,Houston Astros,1,Toronto Blue Jays,Houston Astros,3,1
2026-08-03,824324,13,Tampa Bay Rays,Colorado Rockies,9,Tampa Bay Rays,Colorado Rockies,13,9
2026-08-03,825095,1,San Diego Padres,Arizona Diamondbacks,5,Arizona Diamondbacks,San Diego Padres,5,1
2026-08-04,824805,1,Los Angeles Angels,Baltimore Orioles,3,Baltimore Orioles,Los Angeles Angels,3,1
2026-08-04,824403,6,New York Mets,Cleveland Guardians,2,New York Mets,Cleveland Guardians,6,2
2026-08-04,824484,4,Athletics,Cincinnati Reds,5,Cincinnati Reds,Athletics,5,4
2026-08-04,823432,0,Washington Nationals,Philadelphia Phillies,5,Philadelphia Phillies,Washington Nationals,5,0
2026-08-04,823517,0,St. Louis Cardinals,New York Yankees,2,New York Yankees,St. Louis Cardinals,2,0
2026-08-04,824731,2,Chicago White Sox,Boston Red Sox,14,Boston Red Sox,Chicago White Sox,14,2
2026-08-04,824888,2,Miami Marlins,Atlanta Braves,4,Atlanta Braves,Miami Marlins,4,2
2026-08-04,824084,2,Minnesota Twins,Kansas City Royals,8,Kansas City Royals,Minnesota Twins,8,2
2026-08-04,823756,2,Pittsburgh Pirates,Milwaukee Brewers,4,Milwaukee Brewers,Pittsburgh Pirates,4,2
2026-08-04,824645,1,Los Angeles Dodgers,Chicago Cubs,5,Chicago Cubs,Los Angeles Dodgers,5,1
2026-08-04,822865,4,San Francisco Giants,Texas Rangers,5,Texas Rangers,San Francisco Giants,5,4
2026-08-04,824161,2,Toronto Blue Jays,Houston Astros,7,Houston Astros,Toronto Blue Jays,7,2
2026-08-04,824321,9,Tampa Bay Rays,Colorado Rockies,7,Tampa Bay Rays,Colorado Rockies,9,7
2026-08-04,825054,9,San Diego Padres,Arizona Diamondbacks,4,San Diego Padres,Arizona Diamondbacks,9,4
2026-08-04,823108,8,Detroit Tigers,Seattle Mariners,0,Detroit Tigers,Seattle Mariners,8,0
2026-08-05,824158,5,Toronto Blue Jays,Houston Astros,4,Toronto Blue Jays,Houston Astros,5,4
2026-08-05,824646,6,Los Angeles Dodgers,Chicago Cubs,7,Chicago Cubs,Los Angeles Dodgers,7,6
2026-08-05,822866,0,San Francisco Giants,Texas Rangers,6,Texas Rangers,San Francisco Giants,6,0
2026-08-05,824322,4,Tampa Bay Rays,Colorado Rockies,0,Tampa Bay Rays,Colorado Rockies,4,0
2026-08-05,824806,2,Los Angeles Angels,Baltimore Orioles,5,Baltimore Orioles,Los Angeles Angels,5,2
2026-08-05,824402,6,New York Mets,Cleveland Guardians,5,New York Mets,Cleveland Guardians,6,5
2026-08-05,824482,2,Athletics,Cincinnati Reds,3,Cincinnati Reds,Athletics,3,2
2026-08-05,823429,10,Washington Nationals,Philadelphia Phillies,4,Washington Nationals,Philadelphia Phillies,10,4
2026-08-05,823516,3,St. Louis Cardinals,New York Yankees,1,St. Louis Cardinals,New York Yankees,3,1
2026-08-05,824728,0,Chicago White Sox,Boston Red Sox,4,Boston Red Sox,Chicago White Sox,4,0
2026-08-05,824889,1,Miami Marlins,Atlanta Braves,4,Atlanta Braves,Miami Marlins,4,1
2026-08-05,824082,1,Minnesota Twins,Kansas City Royals,2,Kansas City Royals,Minnesota Twins,2,1
2026-08-05,823753,2,Pittsburgh Pirates,Milwaukee Brewers,4,Milwaukee Brewers,Pittsburgh Pirates,4,2
2026-08-05,825052,4,San Diego Padres,Arizona Diamondbacks,10,Arizona Diamondbacks,San Diego Padres,10,4
2026-08-05,823106,2,Detroit Tigers,Seattle Mariners,4,Seattle Mariners,Detroit Tigers,4,2
